ID,Smiles,Class
1,CCC1NC(CC)C(O)C(O)C1O,1
2,CCCOc1ccc(-c2cc(OC)c(-c3ccc(O)cc3)c(O)c2OC)cc1,1
3,CO[C@@H]1OC(=O)C(Cc2ccc(O)c(CC=C(C)C)c2)=C1c1ccc(O)cc1,1
4,Clc1ccc(/N=c2\scc(-c3ccc(Cl)cc3)n2Nc2ccccc2)cc1,1
5,C=C(C)C(COc1c2occc2c(OC)c2ccc(=O)oc12)OC(C)(C)[C@H](O)COc1c2ccoc2cc2oc(=O)ccc12,1
6,C=C(C)C(COc1c2ccoc2cc2oc(=O)ccc12)OC(C)(C)C(O)COc1c2occc2c(OC)c2ccc(=O)oc12,1
7,C=C(C)C(COc1c2occc2cc2ccc(=O)oc12)OC(C)(C)[C@H](O)COc1c2ccoc2cc2oc(=O)ccc12,1
8,C=CCOc1ccc(-c2cc(OC)c(-c3ccc(O)cc3)c(OCC=C)c2OC)cc1,1
9,CCCOc1ccc(-c2cc(OC)c(-c3ccc(O)cc3)c(OCCC)c2OC)cc1,1
10,CO[C@H]1OC(=O)C(Cc2ccc(O)c(CC=C(C)C)c2)=C1c1ccc(O)cc1,1
11,COc1cc(-c2ccc(O)cc2)c(OC)c(OCCC(C)C)c1-c1ccc(O)cc1,1
12,COc1ccc(NC(=O)Cn2cc(COc3cc(O)c4c(=O)c5cc(OC)ccc5oc4c3)nn2)c(OC)c1,1
13,CC(=O)Nc1ccc(-n2c(-c3c(-c4ccccc4)[nH]c4ccc(F)cc34)nc(-c3ccccc3)c2-c2ccccc2)cc1,1
14,Brc1ccc(-n2c(-c3c(-c4cccc(Br)c4)[nH]c4ccccc34)nc(-c3ccccc3)c2-c2ccccc2)cc1,1
15,COc1ccc(-n2c(-c3c(-c4ccc(Cl)cc4)[nH]c4ccc(Cl)cc34)nc(-c3ccccc3)c2-c2ccccc2)cc1,1
16,COc1ccc(-n2c(-c3c(-c4cccc(Br)c4)[nH]c4ccccc34)nc(-c3ccccc3)c2-c2ccccc2)cc1,1
17,Fc1ccc2[nH]c(-c3ccccc3)c(-c3nc(-c4ccccc4)c(-c4ccccc4)n3-c3ccccc3)c2c1,1
18,Clc1cccc(-c2[nH]c3ccccc3c2-c2nc(-c3ccccc3)c(-c3ccccc3)n2-c2ccccc2)c1,1
19,Fc1ccc2[nH]c(-c3ccccc3)c(-c3nc(-c4ccccc4)c(-c4ccccc4)n3-c3cccc(Cl)c3)c2c1,1
20,FC(F)(F)c1ccc(-c2[nH]c3ccccc3c2-c2nc(-c3ccccc3)c(-c3ccccc3)n2-c2ccccc2)cc1,1
21,C[C@H]1O[C@H](O[C@@H]2[C@@H](CO)O[C@H](O[C@@H]3[C@@H](CO)OC(O)[C@H](O)[C@H]3O)[C@H](O)[C@H]2O)[C@H](O)[C@@H](O)[C@@H]1N[C@H]1C=C(CO)[C@@H](O)[C@H](O)[C@H]1O,1
22,O=C1NC(=S)S/C1=C\c1ccc(OCN2C(=O)c3ccccc3C2=O)cc1,1
23,O=c1c(O)c(-c2ccc(O)c(O)c2)oc2cc(O)cc(O)c12,1
24,CCOc1cc(/C=C2\SC(=S)NC2=O)ccc1OCN1C(=O)c2ccccc2C1=O,1
25,CC1(C)CCc2cc(CC3=C(c4ccc(O)cc4)[C@@](O)(C(=O)O)OC3=O)ccc2O1,1
26,COc1c(Br)c(-c2ccc(O)cc2)c(OC)c(O)c1-c1ccc(O)cc1,1
27,O=C(Cn1cc(COc2cc(O)c3c(=O)c4cc(O)ccc4oc3c2)nn1)Nc1ccc(O)c(O)c1,1
28,COc1cc(-c2ccc(OCCBr)cc2)c(OC)c(OCCBr)c1-c1ccc(O)cc1,1
29,O=C1NC(=S)S/C1=C\c1ccc(OCN2C(=O)c3ccccc3C2=O)c([N+](=O)[O-])c1,1
30,O=C(N/N=C/c1ccc(O)cc1)c1nc(-c2cc3ccccc3oc2=O)cs1,1
31,O=C(N/N=C/c1ccc(O)c(F)c1)c1nc(-c2cc3ccccc3oc2=O)cs1,1
32,COc1ccccc1/C=N/NC(=O)c1nc(-c2cc3ccccc3oc2=O)cs1,1
33,O=C(N/N=C/c1ccccc1O)c1nc(-c2cc3ccccc3oc2=O)cs1,1
34,O=C(N/N=C/c1cc(Cl)ccc1O)c1nc(-c2cc3ccccc3oc2=O)cs1,1
35,O=C(N/N=C/c1ccc(C(F)(F)F)cc1)c1nc(-c2cc3ccccc3oc2=O)cs1,1
36,COc1ccc(/C=N/NC(=O)c2nc(-c3cc4ccccc4oc3=O)cs2)cc1,1
37,O=C(N/N=C/c1cccc(Br)c1)c1nc(-c2cc3ccccc3oc2=O)cs1,1
38,O=C(N/N=C/c1cc(Cl)cc(Cl)c1O)c1nc(-c2cc3ccccc3oc2=O)cs1,1
39,COc1ccc(/C=N/NC(=O)c2nc(-c3cc4ccccc4oc3=O)cs2)c(O)c1,1
40,O=C(N/N=C/c1cc(O)ccc1O)c1nc(-c2cc3ccccc3oc2=O)cs1,1
41,O=C(N/N=C/c1ccc(O)c(O)c1)c1nc(-c2cc3ccccc3oc2=O)cs1,1
42,O=C(N/N=C/c1ccccc1F)c1nc(-c2cc3ccccc3oc2=O)cs1,1
43,C(=N/Nc1nc(-c2ccc(-c3ccccc3)cc2)cs1)\c1cccc2ccccc12,1
44,O=C(N/N=C/c1cccc(F)c1)c1nc(-c2cc3ccccc3oc2=O)cs1,1
45,CC(C)(C)c1cc(/C=N/NC(=O)c2nc(-c3cc4ccccc4oc3=O)cs2)c(O)c(C(C)(C)C)c1,1
46,O=C(N/N=C/c1ccc(Cl)cc1)c1nc(-c2cc3ccccc3oc2=O)cs1,1
47,O=C(N/N=C/c1cccc(Cl)c1)c1nc(-c2cc3ccccc3oc2=O)cs1,1
48,O=C(Cn1cc(COc2cc(O)c3c(=O)c4ccc(O)cc4oc3c2)nn1)Nc1ccc(O)c(O)c1,1
49,Cn1cc(C2(c3cn(C)c4ccccc34)C(=O)Nc3ccccc32)c2ccccc21,1
50,O=C1Nc2ccccc2C1(c1c[nH]c2ccccc12)c1c[nH]c2ccccc12,1
51,O=C1Nc2ccc(Cl)cc2C1(c1c[nH]c2ccccc12)c1c[nH]c2ccccc12,1
52,O=C1Nc2ccccc2C1(c1cn(Cc2ccccc2Cl)c2ccccc12)c1cn(Cc2ccccc2Cl)c2ccccc12,1
53,CC(C)n1cc(C2(c3cn(C(C)C)c4ccccc34)C(=O)Nc3ccccc32)c2ccccc21,1
54,Cc1ccc2c(c1)C(c1c[nH]c3ccccc13)(c1c[nH]c3ccccc13)C(=O)N2,1
55,O=C1Nc2ccccc2C1(c1cn(Cc2ccccc2)c2ccccc12)c1cn(Cc2ccccc2)c2ccccc12,1
56,O=C1Nc2ccccc2C1(c1cn(Cc2cccc(F)c2)c2ccccc12)c1cn(Cc2cccc(F)c2)c2ccccc12,1
57,CCCCn1cc(C2(c3cn(CCCC)c4ccccc34)C(=O)Nc3ccccc32)c2ccccc21,1
58,O=C1Nc2ccc(Br)cc2C1(c1c[nH]c2ccccc12)c1c[nH]c2ccccc12,1
59,O=C1Nc2ccccc2C1(c1cn(Cc2ccccc2F)c2ccccc12)c1cn(Cc2ccccc2F)c2ccccc12,1
60,O=C1Nc2ccccc2C1(c1cn(Cc2ccc(Br)cc2)c2ccccc12)c1cn(Cc2ccc(Br)cc2)c2ccccc12,1
61,CC(C)Cn1cc(C2(c3cn(CC(C)C)c4ccccc34)C(=O)Nc3ccccc32)c2ccccc21,1
62,CCCn1cc(C2(c3cn(CCC)c4ccccc34)C(=O)Nc3ccccc32)c2ccccc21,1
63,O=C(Cn1cc(COc2cc(O)c3c(=O)c4ccc(Br)cc4oc3c2)nn1)Nc1ccc(O)cc1O,1
64,COc1c(O)cc2oc3cc(O)c(CC=C(C)C)c(O)c3c(=O)c2c1CC=C(C)C,1
65,O=C(c1ccc(F)c(F)c1Cl)n1nnc2ccccc21,1
66,CCCCOc1ccc(C(=O)n2nnc3ccccc32)cc1,1
67,O=C1NC(=S)S/C1=C\c1ccc(OCN2C(=O)c3ccccc3C2=O)c(Cl)c1,1
68,O=C1Nc2ccccc2/C1=N/Nc1nc(-c2ccc(F)cc2)cs1,1
69,COc1ccc(-c2csc(N/N=C3\C(=O)N(Cc4ccccc4F)c4ccc(C)cc43)n2)cc1,1
70,O=C1Nc2ccc(Cl)cc2/C1=N/Nc1nc(-c2ccc(Br)cc2)cs1,1
71,Cc1ccc2c(c1)/C(=N/Nc1nc(-c3ccc(O)cc3)cs1)C(=O)N2,1
72,Cc1cccc2nc(-c3ccc(O)cc3)[nH]c12,1
73,Cc1cccc2nc(-c3cccc(Cl)c3)[nH]c12,1
74,Cc1cccc2nc(-c3ccc(O)cc3O)[nH]c12,1
75,Cc1ccc(-c2csc(N/N=C3\C(=O)Nc4c(C)cc(C)cc43)n2)cc1,1
76,Cc1cccc2nc(-c3ccc(Cl)cc3)[nH]c12,1
77,COc1ccc(-c2csc(N/N=C3\C(=O)N(C)c4ccccc43)n2)cc1,1
78,Cc1ccc2c(c1)/C(=N/Nc1nc(-c3ccc(O)cc3)cs1)C(=O)N2Cc1ccccc1F,1
79,Cc1cccc2nc(-c3ccc(F)cc3)[nH]c12,1
80,Cc1cccc2nc(-c3cccs3)[nH]c12,1
81,Cc1cccc2nc(-c3ccccc3O)[nH]c12,1
82,Cc1cccc2nc(-c3cc(O)ccc3O)[nH]c12,1
83,Cc1cccc2nc(-c3ccc(O)c(O)c3)[nH]c12,1
84,COc1ccc(O)c(-c2nc3cccc(C)c3[nH]2)c1,1
85,Cc1cccc2nc(-c3ccccc3[N+](=O)[O-])[nH]c12,1
86,Cc1ccc(-c2csc(N/N=C3\C(=O)N(Cc4ccccc4F)c4ccc(C)cc43)n2)cc1,1
87,Cc1cc(C)c2c(c1)/C(=N/Nc1nc(-c3ccc(F)cc3)cs1)C(=O)N2,1
88,Cc1ccc(-c2csc(N/N=C3\C(=O)Nc4ccc(F)cc43)n2)cc1,1
89,O=C1Nc2ccc(F)cc2/C1=N/Nc1nc(-c2ccc(F)cc2)cs1,1
90,Cc1cc(C)c2c(c1)/C(=N/Nc1nc(-c3ccc(Br)cc3)cs1)C(=O)N2,1
91,COc1ccc(-c2nc3cccc(C)c3[nH]2)cc1O,1
92,Cc1cccc2nc(-c3ccncc3)[nH]c12,1
93,Cc1cccc2nc(-c3cccc(F)c3)[nH]c12,1
94,Cc1cccc2nc(-c3cccc(O)c3O)[nH]c12,1
95,Cc1ccc(-c2csc(N/N=C3\C(=O)N(C)c4ccccc43)n2)cc1,1
96,Cc1ccc(-c2csc(N/N=C3\C(=O)Nc4ccccc43)n2)cc1,1
97,COc1ccc(-c2nc3cccc(C)c3[nH]2)c(O)c1,1
98,Cc1cccc2nc(-c3ccccc3F)[nH]c12,1
99,Cc1cccc2nc(-c3ccccc3Cl)[nH]c12,1
100,O=C1Nc2ccccc2/C1=N/Nc1nc(-c2ccc(Cl)cc2)cs1,1
101,Cc1cccc2nc(-c3cccc(O)c3)[nH]c12,1
102,CN1C(=O)/C(=N\Nc2nc(-c3ccc(F)cc3)cs2)c2ccccc21,1
103,O=C(c1ccccc1)n1nnc2ccccc21,1
104,O=C(Cn1cc(COc2cc(O)c3c(=O)c4ccc(Br)cc4oc3c2)nn1)Nc1ccc(O)c(O)c1,1
105,O=C(c1c(F)cccc1F)n1nnc2ccccc21,1
106,CCOC(=O)CC(=O)OCC,1
107,O=C(Cn1nnc2ccccc21)c1ccc(-c2ccccc2)cc1,1
108,O=C(Cn1nnc2ccccc21)c1ccccc1,1
109,O=C(Cn1nnc2ccccc21)c1ccccc1O,1
110,C=C(C)C(O)Cc1c(O)c(C/C=C(\C)CCC=C(C)C)c2oc3ccc(O)cc3c(=O)c2c1O,1
111,Cc1ccc(C(=O)n2nnc3ccccc32)cc1C,1
112,COc1cc(-c2ccc(O)cc2)c(OC)c(O)c1-c1ccc(O)cc1,1
113,COc1ccccc1C(=O)n1nnc2ccccc21,1
114,Cc1ccc(C(=O)Cn2nnc3ccccc32)cc1,1
115,COc1ccc(C(=O)Cn2nnc3ccccc32)cc1,1
116,Cc1cccc(C(=O)n2nnc3ccccc32)c1,1
117,Nc1cc(C(=O)n2nnc3ccccc32)ccc1Cl,1
118,O=C(C[C@@H](c1ccc(Cl)cc1)c1c[nH]c2ccccc12)c1ccccc1,1
119,COc1ccc([C@H](CC(=O)c2ccc3ccccc3c2)c2c[nH]c3ccccc23)cc1,1
120,Cc1ccc([C@H](CC(=O)c2ccc3ccccc3c2)c2c[nH]c3ccccc23)cc1,1
121,O=C(C[C@@H](c1cccc(Br)c1)c1c[nH]c2ccccc12)c1ccccc1,1
122,COc1ccc([C@H](CC(=O)c2ccccc2)c2c[nH]c3ccccc23)cc1,1
123,O=C(C[C@@H](c1cccs1)c1c[nH]c2ccccc12)c1ccccc1,1
124,O=C(C[C@@H](c1ccccc1)c1c[nH]c2ccccc12)c1ccccc1,1
125,O=C(C[C@@H](c1cccs1)c1c[nH]c2ccccc12)c1ccc2ccccc2c1,1
126,O=C(C[C@@H](c1ccc(Br)cc1)c1c[nH]c2ccccc12)c1ccccc1,1
127,O=C(C[C@@H](c1ccc(Cl)cc1Cl)c1c[nH]c2ccccc12)c1ccccc1,1
128,Cc1ccc([C@H](CC(=O)c2ccccc2)c2c[nH]c3ccccc23)cc1,1
129,COc1ccc(Cc2nnc(-c3ccc(Cl)cc3)n2Cc2nn(CN3CCN(C)CC3)c(=S)o2)cc1,1
130,Cc1cccc([C@H](CC(=O)c2ccccc2)c2c[nH]c3ccccc23)c1,1
131,O=C(C[C@@H](c1cccc([N+](=O)[O-])c1)c1c[nH]c2ccccc12)c1ccccc1,1
132,O=C(C[C@@H](c1ccccc1)c1c[nH]c2ccccc12)c1ccc2ccccc2c1,1
133,O=C(C[C@@H](c1ccc(Cl)cc1)c1c[nH]c2ccccc12)c1ccc2ccccc2c1,1
134,O=C(C[C@@H](c1c(Cl)cccc1Cl)c1c[nH]c2ccccc12)c1ccccc1,1
135,Cc1cc(C(=O)n2nnc3ccccc32)cc(C)c1C,1
136,Cc1cc(C(=O)n2nnc3ccccc32)ccc1[N+](=O)[O-],1
137,O=C(Cn1nnc2ccccc21)c1cccc([N+](=O)[O-])c1,1
138,O=C(Cn1nnc2ccccc21)c1ccc(Cl)c(Cl)c1,1
139,Cc1ccc(C(=O)n2nnc3cc(Cl)c(Cl)cc32)cc1C,1
140,O=C(c1ccccc1)n1nnc2cc(Cl)c(Cl)cc21,1
141,O=C(Cn1nnc2ccccc21)c1cccc(Cl)c1Cl,1
142,Cc1cc2nnn(CC(=O)c3ccccc3)c2cc1C,1
143,COc1ccc(Cc2nnc(-c3ccc(Cl)cc3)n2CC(=O)NNC(=S)Nc2ccc(Cl)cc2)cc1,1
144,Cc1cc2nnn(C(=O)c3ccccc3)c2cc1C,1
145,Cc1cc2nnn(CC(=O)c3ccccc3O)c2cc1C,1
146,O=C(c1ccc(Br)cc1)n1nnc2ccccc21,1
147,O=C(Cn1cc(COc2cc(O)c3c(=O)c4cc(Br)ccc4oc3c2)nn1)Nc1ccc(O)c(O)c1,1
148,COc1ccc(NC(=O)Cn2cc(COc3cc(O)c4c(=O)c5cc(Br)ccc5oc4c3)nn2)c(OC)c1,1
149,O=C(c1cccc(Cl)c1)n1nnc2cc(Cl)c(Cl)cc21,1
150,COc1ccc(C(=O)n2nnc3ccccc32)cc1,1
151,O=C(c1ccc([N+](=O)[O-])cc1)n1nnc2ccccc21,1
152,O=C(c1ccc(F)cc1)n1nnc2ccccc21,1
153,O=C(CSc1nnc(-c2ccc(F)cc2)c(-c2ccc(F)cc2)n1)Nc1nc(-c2ccc(Cl)cc2)cs1,1
154,Cc1ccc(-c2csc(NC(=O)CSc3nnc(-c4ccc(F)cc4)c(-c4ccc(F)cc4)n3)n2)cc1,1
155,COc1ccc(-c2csc(NC(=O)CSc3nnc(-c4ccc(Br)cc4)c(-c4ccc(Br)cc4)n3)n2)cc1,1
156,COc1ccc(-c2csc(NC(=O)CSc3nnc(-c4ccccc4)c(-c4ccccc4)n3)n2)cc1,1
157,O=C(CSc1nnc(-c2ccccc2)c(-c2ccccc2)n1)Nc1nc(-c2ccc(Br)cc2)cs1,1
158,O=C(CSc1nnc(-c2ccc(F)cc2)c(-c2ccc(F)cc2)n1)Nc1nc(-c2ccccc2)cs1,1
159,O=C(CSc1nnc(-c2ccc(F)cc2)c(-c2ccc(F)cc2)n1)Nc1nc(-c2ccc(F)cc2)cs1,1
160,O=C(CSc1nnc(-c2ccccc2)c(-c2ccccc2)n1)Nc1nc(-c2ccccc2)cs1,1
161,O=C(CSc1nnc(-c2ccccc2)c(-c2ccccc2)n1)Nc1nc(-c2ccc(F)cc2)cs1,1
162,O=C(CSc1nnc(-c2ccccc2)c(-c2ccccc2)n1)Nc1nc(-c2ccc(Cl)cc2)cs1,1
163,O=C(CSc1nnc(-c2ccc(Br)cc2)c(-c2ccc(Br)cc2)n1)Nc1nc(-c2ccccc2)cs1,1
164,Cc1ccc(-c2csc(NC(=O)CSc3nnc(-c4ccc(Br)cc4)c(-c4ccc(Br)cc4)n3)n2)cc1,1
165,O=C(CSc1nnc(-c2ccc(F)cc2)c(-c2ccc(F)cc2)n1)Nc1nc(-c2ccc(Br)cc2)cs1,1
166,O=C(CSc1nnc(-c2ccc(Br)cc2)c(-c2ccc(Br)cc2)n1)Nc1nc(-c2ccc(F)cc2)cs1,1
167,O=C(CSc1nnc(-c2ccc(Br)cc2)c(-c2ccc(Br)cc2)n1)Nc1nc(-c2ccc(Cl)cc2)cs1,1
168,Cc1ccc(-c2csc(NC(=O)CSc3nnc(-c4ccccc4)c(-c4ccccc4)n3)n2)cc1,1
169,O=C(CSc1nnc(-c2ccc(Br)cc2)c(-c2ccc(Br)cc2)n1)Nc1nc(-c2ccc(Br)cc2)cs1,1
170,O=C(Cn1nnc2ccccc21)c1cccc(Br)c1,1
171,O=C(Cn1nnc2ccccc21)c1ccc(Br)cc1,1
172,COc1ccc(NC(=O)Cn2cc(COc3cc(O)c4c(=O)c5ccc(Br)cc5oc4c3)nn2)c(OC)c1,1
173,COc1ccc(C(=O)Cn2nnc3cc(C)c(C)cc32)cc1,1
174,O=C(COc1ccc2ccc(=O)oc2c1)N/N=C1\C(=O)N(Cc2ccccc2Cl)c2ccccc21,1
175,O=C(COc1ccc2ccc(=O)oc2c1)N/N=C1\C(=O)Nc2ccc(Cl)cc21,1
176,Cc1ccc2c(c1)/C(=N/NC(=O)COc1ccc3ccc(=O)oc3c1)C(=O)N2Cc1ccccc1F,1
177,CN1C(=O)/C(=N\NC(=O)COc2ccc3ccc(=O)oc3c2)c2ccccc21,1
178,O=C(COc1ccc2ccc(=O)oc2c1)N/N=C1\C(=O)Nc2ccc(Br)cc21,1
179,O=C(COc1ccc2ccc(=O)oc2c1)N/N=C1\C(=O)N(Cc2ccc(Br)cc2)c2ccccc21,1
180,O=C(COc1ccc2ccc(=O)oc2c1)N/N=C1\C(=O)N(Cc2ccccc2F)c2ccccc21,1
181,O=C(COc1ccc2ccc(=O)oc2c1)N/N=C1\C(=O)N(Cc2ccccc2)c2ccc(Br)cc21,1
182,O=C(COc1ccc2ccc(=O)oc2c1)N/N=C1\C(=O)N(Cc2ccc(Br)cc2)c2ccc(Br)cc21,1
183,O=C(COc1ccc2ccc(=O)oc2c1)N/N=C1\C(=O)N(Cc2ccccc2)c2ccccc21,1
184,Cc1cc(C)c2c(c1)/C(=N/NC(=O)COc1ccc3ccc(=O)oc3c1)C(=O)N2,1
185,Cc1ccc2c(c1)/C(=N/NC(=O)COc1ccc3ccc(=O)oc3c1)C(=O)N2Cc1cccc(F)c1,1
186,O=C(COc1ccc2ccc(=O)oc2c1)N/N=C1\C(=O)Nc2ccccc21,1
187,Nc1ccn(C2OC(CO)[C@@H](O)[C@H]2O)c(=O)n1,1
188,O=C(COc1ccc2ccc(=O)oc2c1)N/N=C1\C(=O)Nc2ccc([N+](=O)[O-])cc21,1
189,O=C(COc1ccc2ccc(=O)oc2c1)N/N=C1\C(=O)N(Cc2ccccc2F)c2ccc(Cl)cc21,1
190,O=C(COc1ccc2ccc(=O)oc2c1)N/N=C1\C(=O)N(Cc2cccc(F)c2)c2ccccc21,1
191,O=C(COc1ccc2ccc(=O)oc2c1)N/N=C1\C(=O)N(Cc2cccc(F)c2)c2ccc(Cl)cc21,1
192,O=C(COc1ccc2ccc(=O)oc2c1)N/N=C1\C(=O)Nc2ccc(F)cc21,1
193,O=C(COc1ccc2ccc(=O)oc2c1)N/N=C1\C(=O)N(Cc2ccccc2Cl)c2ccc(Br)cc21,1
194,Cc1ccc2c(c1)/C(=N/NC(=O)COc1ccc3ccc(=O)oc3c1)C(=O)N2,1
195,O=C(Cn1nnc2ccccc21)c1ccc(Cl)cc1,1
196,COc1ccc(Br)cc1/C=N/c1nnc(-c2ccc(Cl)cc2)s1,1
197,Clc1ccc(-c2nnc(/N=C/c3ccc(OCc4ccccc4)cc3)s2)cc1,1
198,Clc1ccc(-c2nnc(/N=C/c3ccc(Cl)cc3Cl)s2)cc1,1
199,COc1ccc(Br)cc1/C=N/c1nnc(-c2cccc([N+](=O)[O-])c2)s1,1
200,Nc1nnc(-c2ccc(Cl)cc2Cl)s1,1
201,O=C(N/N=C/c1c(O)cc(O)cc1O)c1cc2ccccc2[nH]1,1
202,CCOC(=O)C1=C(Nc2cccc(Br)c2)C[C@@H](c2ccc(Cl)cc2)N(c2cccc(Br)c2)[C@@H]1c1ccc(Cl)cc1,1
203,Nc1nnc(-c2ccc(O)cc2)s1,1
204,CCOC(=O)C1=C(Nc2cccc([N+](=O)[O-])c2)C[C@@H](c2ccc(C)cc2)N(c2cccc([N+](=O)[O-])c2)[C@@H]1c1ccc(C)cc1,1
205,Oc1ccc(/C=N/c2nnc(-c3ccc(Cl)cc3)s2)cc1,1
206,O=C(N/N=C/c1cc(O)ccc1O)c1cc2ccccc2[nH]1,1
207,COc1cc(/C=N/NC(=O)c2cc3ccccc3[nH]2)ccc1O,1
208,Nc1nnc(-c2cccc([N+](=O)[O-])c2)s1,1
209,COc1ccc(/C=N/NC(=O)c2cc3ccccc3[nH]2)c(I)c1O,1
210,O=[N+]([O-])c1cccc(-c2nnc(/N=C/c3ccc(Cl)cc3Cl)s2)c1,1
211,CCOC(=O)C1=C(Nc2cccc(Cl)c2)C[C@@H](c2ccc(Cl)cc2)N(c2cccc(Cl)c2)[C@@H]1c1ccc(Cl)cc1,1
212,Nc1nnc(-c2ccccc2[N+](=O)[O-])s1,1
213,CN(C)c1ccc(-c2nnc(N)s2)cc1,1
214,O=C(N/N=C/c1ccc(O)c(O)c1)c1cc2ccccc2[nH]1,1
215,COc1ccc(/C=N/NC(=O)c2cc3ccccc3[nH]2)cc1O,1
216,COc1cccc(-c2nnc(N)s2)c1OC,1
217,O=C(N/N=C/c1ccccc1O)c1cc2ccccc2[nH]1,1
218,COc1ccc(O)c(/C=N/NC(=O)c2cc3ccccc3[nH]2)c1,1
219,O=C(N/N=C/c1ccc(Br)c(F)c1)c1cc2ccccc2[nH]1,1
220,CCOC(=O)C1=C(Nc2cccc(F)c2)C[C@@H](c2ccc(Cl)cc2)N(c2cccc(F)c2)[C@@H]1c1ccc(Cl)cc1,1
221,O=[N+]([O-])c1ccccc1/C=N/c1nnc(-c2ccc(Cl)cc2)s1,1
222,Nc1nnc(-c2ccc(Cl)cc2)s1,1
223,O=C(N/N=C/c1ccc(O)cc1)c1cc2ccccc2[nH]1,1
224,O=C(N/N=C/c1cccc(O)c1O)c1cc2ccccc2[nH]1,1
225,Nc1nnc(-c2c3ccccc3cc3ccccc23)s1,1
226,O=C(N/N=C/c1cc(O)cc(O)c1)c1cc2ccccc2[nH]1,1
227,Nc1nnc(-c2ccc(OCc3ccccc3)cc2)s1,1
228,Nc1nnc(-c2ccc(Cl)c(OCc3ccccc3)c2)s1,1
229,Nc1nnc(-c2cc3ccccc3cc2O)s1,1
230,COc1ccc(Br)cc1-c1nnc(N)s1,1
231,O=[N+]([O-])c1ccc(/C=N/c2nnc(-c3ccc(Cl)cc3)s2)cc1,1
232,O=C(N/N=C/c1cc(O)c(O)c(O)c1)c1cc2ccccc2[nH]1,1
233,O=C(N/N=C/c1ccc(Cl)cc1)c1cc2ccccc2[nH]1,1
234,COc1cc(-c2nnc(/N=C/c3ccc(O)cc3)s2)ccc1OCc1ccccc1,1
235,Nc1nnc(-c2ccc([N+](=O)[O-])cc2)s1,1
236,Cc1cc2nnn(CC(=O)c3ccc(Cl)cc3)c2cc1C,1
237,CCCCCCCCCCCC(=O)N/N=C1\C(=O)Nc2ccccc21,1
238,O=C(Cc1ccc(Cl)cc1Cl)N/N=C1\C(=O)Nc2cc(Br)ccc21,1
239,Cc1ccc(C(=O)N/N=C2\C(=O)Nc3ccc(Cl)cc32)cc1,1
240,CCCN1C(=O)/C(=N\NC(=O)Cc2ccc(Cl)cc2Cl)c2ccccc21,1
241,O=C1Nc2cc(Br)ccc2/C1=N/NC(=O)c1ccccc1O,1
242,O=C(Cc1ccc(Cl)c(Cl)c1)N/N=C1\C(=O)Nc2cc(Br)ccc21,1
243,Cc1ccc(C(c2c[nH]c3ccc(C(=O)NNS(=O)(=O)c4ccc([N+](=O)[O-])cc4)cc23)c2c[nH]c3ccc(C(=O)NNS(=O)(=O)c4ccc([N+](=O)[O-])cc4)cc23)cc1,1
244,Cc1ccc(C(c2c[nH]c3ccc(C(=O)NNS(=O)(=O)c4ccccc4[N+](=O)[O-])cc23)c2c[nH]c3ccc(C(=O)NNS(=O)(=O)c4ccccc4[N+](=O)[O-])cc23)cc1,1
245,Cc1ccc(C(c2c[nH]c3ccc(C(=O)NNS(=O)(=O)c4cccc([N+](=O)[O-])c4)cc23)c2c[nH]c3ccc(C(=O)NNS(=O)(=O)c4cccc([N+](=O)[O-])c4)cc23)cc1,1
246,COc1ccc(NC(=O)Cn2cc(COc3cc(O)c4c(=O)c5ccc(OC)cc5oc4c3)nn2)c(OC)c1,1
247,Cc1cc2nnn(CC(=O)c3ccc(Cl)c(Cl)c3)c2cc1C,1
248,Cn1cc(-c2nnc(-c3ccc(C(c4c[nH]c5ccccc45)c4c[nH]c5ccc(Cl)cc45)cc3)o2)c2ccccc21,1
249,CC(C)=CCc1c(O)cc2oc3cc(O)c(O)c(CC=C(C)C)c3c(=O)c2c1O,1
250,O=C1Nc2cc(Cl)ccc2/C1=C/c1ccc(-c2nnc(-c3cc(O)cc(O)c3)o2)cc1,1
251,COc1ccc(/C=N/NC(=O)c2cc3ccccc3oc2=O)c(O)c1,1
252,COc1ccc(O)c(/C=N/NC(=O)c2cc3ccccc3oc2=O)c1,1
253,O=C(N/N=C/c1ccccc1F)c1cc2ccccc2oc1=O,1
254,O=C(N/N=C/c1ccc(O)cc1O)c1cc2ccccc2oc1=O,1
255,O=C(N/N=C/c1ccc(F)cc1)c1cc2ccccc2oc1=O,1
256,O=C(N/N=C/c1ccncc1)c1cc2ccccc2oc1=O,1
257,O=C(N/N=C/c1cccc(O)c1O)c1cc2ccccc2oc1=O,1
258,Cc1cccc(/C=N/NC(=O)c2cc3ccccc3oc2=O)c1,1
259,O=C(N/N=C/c1ccccc1[N+](=O)[O-])c1cc2ccccc2oc1=O,1
260,O=C(N/N=C/c1ccccn1)c1cc2ccccc2oc1=O,1
261,O=C(N/N=C/c1cccc(F)c1)c1cc2ccccc2oc1=O,1
262,COc1ccc(/C=N/NC(=O)c2cc3ccccc3oc2=O)cc1,1
263,Cc1ccc(/C=N/NC(=O)c2cc3ccccc3oc2=O)cc1,1
264,O=C(N/N=C/c1ccccc1O)c1cc2ccccc2oc1=O,1
265,O=C(N/N=C/c1ccccc1)c1cc2ccccc2oc1=O,1
266,O=C(N/N=C/c1ccc([N+](=O)[O-])cc1)c1cc2ccccc2oc1=O,1
267,Cc1ccccc1/C=N/NC(=O)c1cc2ccccc2oc1=O,1
268,O=C(NNC(=S)Nc1ccccc1Cl)c1ccc(-c2nnc(-c3ccccc3Cl)o2)cc1,1
269,O=C(NNC(=S)Nc1ccc(C(F)(F)F)cc1)c1ccc(-c2nnc(-c3ccccc3Cl)o2)cc1,1
270,O=C(O)CN1C(=O)S/C(=C/c2ccc(-n3ccc4c(Br)ccnc43)cc2)C1=O,1
271,Cc1nccn1-c1ccc(/C=C2/SC(=O)NC2=O)cc1,1
272,CCOC(=O)CN1C(=O)S/C(=C/c2ccc(-n3ccc4c(Br)ccnc43)cc2)C1=O,1
273,O=C1NC(=O)/C(=C\c2ccc(-n3ccc4c(Nc5ccc(F)cc5)ccnc43)cc2)S1,1
274,O=C1NC(=O)/C(=C\c2ccc(-n3cnc4ccccc43)cc2)S1,1
275,O=C1NC(=O)/C(=C\c2ccc(-n3cc([N+](=O)[O-])cn3)cc2)S1,1
276,O=C1NC(=O)/C(=C\c2ccc(-n3ccc4c(Br)ccnc43)cc2)S1,1
277,O=C1NC(=O)/C(=C\c2ccc(-n3ncc4ccccc43)cc2)S1,1
278,O=C1NC(=O)/C(=C\c2ccc(-n3ccc4c(Nc5ccccc5OC(F)(F)F)ccnc43)cc2)S1,1
279,O=C1NC(=O)/C(=C/c2ccc(-c3nc4ccccc4n3Cc3ccc(Cl)cc3)cc2)S1,1
280,O=C1CSC(=O)N1,1
281,Cc1ccc(C(c2c[nH]c3ccc(C(=O)NNS(=O)(=O)c4ccc([N+](=O)[O-])cc4[N+](=O)[O-])cc23)c2c[nH]c3ccc(C(=O)NNS(=O)(=O)c4ccc([N+](=O)[O-])cc4[N+](=O)[O-])cc23)cc1,1
282,O=C(NNC(=S)Nc1ccc(Cl)c(Cl)c1)c1ccc(-c2nnc(-c3ccccc3Cl)o2)cc1,1
283,COc1cccc(NC(=S)NNC(=O)c2ccc(-c3nnc(-c4ccccc4Cl)o3)cc2)c1,1
284,Cc1ccc(NC(=S)NNC(=O)c2ccc(-c3nnc(-c4ccccc4Cl)o3)cc2)cc1,1
285,COc1ccccc1NC(=S)NNC(=O)c1ccc(-c2nnc(-c3ccccc3Cl)o2)cc1,1
286,O=C(NNC(=S)Nc1cccc([N+](=O)[O-])c1)c1ccc(-c2nnc(-c3ccccc3Cl)o2)cc1,1
287,O=C(NNC(=S)Nc1ccccc1F)c1ccc(-c2nnc(-c3ccccc3Cl)o2)cc1,1
288,O=C(NNC(=S)Nc1ccc(Br)cc1)c1ccc(-c2nnc(-c3ccccc3Cl)o2)cc1,1
289,O=C(NNC(=S)Nc1ccc(F)cc1)c1ccc(-c2nnc(-c3ccccc3Cl)o2)cc1,1
290,O=C(NNC(=S)Nc1ccc([N+](=O)[O-])cc1)c1ccc(-c2nnc(-c3ccccc3Cl)o2)cc1,1
291,O=C(NNC(=S)Nc1ccc(Cl)cc1)c1ccc(-c2nnc(-c3ccccc3Cl)o2)cc1,1
292,COc1ccc(NC(=S)NNC(=O)c2ccc(-c3nnc(-c4ccccc4Cl)o3)cc2)cc1,1
293,Cc1cccc(NC(=S)NNC(=O)c2ccc(-c3nnc(-c4ccccc4Cl)o3)cc2)c1,1
294,O=C(NNC(=S)Nc1cccc(F)c1)c1ccc(-c2nnc(-c3ccccc3Cl)o2)cc1,1
295,O=C(NNC(=S)Nc1ccccc1Br)c1ccc(-c2nnc(-c3ccccc3Cl)o2)cc1,1
296,Cc1ccc(C(c2c[nH]c3ccc(C(=O)NNS(=O)(=O)c4cc(Cl)c(Cl)cc4Cl)cc23)c2c[nH]c3ccc(C(=O)NNS(=O)(=O)c4cc(Cl)c(Cl)cc4Cl)cc23)cc1,1
297,CCn1c2ccccc2c2cc(NC(=O)CSc3nc4ccccc4[nH]3)ccc21,1
298,Cc1ccccc1C(=O)/N=c1\scc(C)n1-c1cc(Cl)c(Cl)cc1Cl,1
299,Cc1cs/c(=N\C(=O)c2cccc3ccccc23)n1-c1cc(Cl)c(Cl)cc1Cl,1
300,Cc1ccc(N2C(=O)/C(=C/c3ccc(F)cc3)S/C2=N\NC(=O)c2cc3ccccc3oc2=O)cc1,1
301,Cc1ccc(C(c2c[nH]c3ccc(C(=O)NNS(=O)(=O)c4cc(Cl)ccc4Cl)cc23)c2c[nH]c3ccc(C(=O)NNS(=O)(=O)c4cc(Cl)ccc4Cl)cc23)cc1,1
302,Cc1ccc(C(c2c[nH]c3ccc(C(=O)NNS(=O)(=O)c4ccccc4Cl)cc23)c2c[nH]c3ccc(C(=O)NNS(=O)(=O)c4ccccc4Cl)cc23)cc1,1
303,Cc1ccc(C(c2c[nH]c3ccc(C(=O)NNS(=O)(=O)c4ccc(Cl)cc4Cl)cc23)c2c[nH]c3ccc(C(=O)NNS(=O)(=O)c4ccc(Cl)cc4Cl)cc23)cc1,1
304,Cc1ccc(C(c2c[nH]c3ccc(C(=O)NNS(=O)(=O)c4ccc(C)cc4)cc23)c2c[nH]c3ccc(C(=O)NNS(=O)(=O)c4ccc(C)cc4)cc23)cc1,1
305,Cc1cs/c(=N\C(=O)c2ccccc2Cl)n1-c1cc(Cl)c(Cl)cc1Cl,1
306,Cc1ccc(C(c2c[nH]c3ccc(C(=O)NNS(=O)(=O)c4ccc(Br)cc4)cc23)c2c[nH]c3ccc(C(=O)NNS(=O)(=O)c4ccc(Br)cc4)cc23)cc1,1
307,Cc1ccc(C(c2c[nH]c3ccc(C(=O)NNS(=O)(=O)c4cc(Cl)cc(Cl)c4)cc23)c2c[nH]c3ccc(C(=O)NNS(=O)(=O)c4cc(Cl)cc(Cl)c4)cc23)cc1,1
308,Cc1cccc(C(=O)/N=c2\scc(C)n2-c2cc(Cl)c(Cl)cc2Cl)c1,1
309,Cc1cs/c(=N\C(=O)c2ccco2)n1-c1cc(Cl)c(Cl)cc1Cl,1
310,COc1ccc(C(=O)/N=c2\scc(C)n2-c2cc(Cl)c(Cl)cc2Cl)cc1,1
311,Cc1ccc(C(c2c[nH]c3ccc(C(=O)NNS(=O)(=O)c4ccccc4Br)cc23)c2c[nH]c3ccc(C(=O)NNS(=O)(=O)c4ccccc4Br)cc23)cc1,1
312,Cc1ccc(C(c2c[nH]c3ccc(C(=O)NNS(=O)(=O)c4cccc(Cl)c4Cl)cc23)c2c[nH]c3ccc(C(=O)NNS(=O)(=O)c4cccc(Cl)c4Cl)cc23)cc1,1
313,Cc1ccc(C(c2c[nH]c3ccc(C(=O)NNS(=O)(=O)c4ccc(Cl)c(Cl)c4)cc23)c2c[nH]c3ccc(C(=O)NNS(=O)(=O)c4ccc(Cl)c(Cl)c4)cc23)cc1,1
314,Cc1cs/c(=N\C(=O)c2cc3ccccc3oc2=O)n1-c1cc(Cl)c(Cl)cc1Cl,1
315,Cc1cc(C)cc(N2C(=O)/C(=C/c3ccc(F)cc3)S/C2=N\NC(=O)c2cc3ccccc3oc2=O)c1,1
316,COc1ccccc1N1C(=O)/C(=C/c2ccc(F)cc2)S/C1=N\NC(=O)c1cc2ccccc2oc1=O,1
317,COc1cccc(N2C(=O)/C(=C/c3ccc(F)cc3)S/C2=N\NC(=O)c2cc3ccccc3oc2=O)c1,1
318,O=C(N/N=C1\S/C(=C\c2ccc(F)cc2)C(=O)N1c1ccc(Cl)cc1)c1cc2ccccc2oc1=O,1
319,Cc1ccc(N2C(=O)/C(=C/c3ccc(F)cc3)S/C2=N\NC(=O)c2cc3ccccc3oc2=O)c(C)c1,1
320,COc1ccc(N2C(=O)/C(=C/c3ccc(F)cc3)S/C2=N\NC(=O)c2cc3ccccc3oc2=O)cc1,1
321,Cc1ccccc1N1C(=O)/C(=C/c2ccc(F)cc2)S/C1=N\NC(=O)c1cc2ccccc2oc1=O,1
322,Cc1cccc(N2C(=O)/C(=C/c3ccc(F)cc3)S/C2=N\NC(=O)c2cc3ccccc3oc2=O)c1,1
323,O=C(N/N=C1\S/C(=C\c2ccc(F)cc2)C(=O)N1c1ccccc1Cl)c1cc2ccccc2oc1=O,1
324,Cc1ccc(N2C(=O)/C(=C/c3ccc(F)cc3)S/C2=N\NC(=O)c2cc3ccccc3oc2=O)cc1C,1
325,Cc1cccc(C)c1N1C(=O)/C(=C/c2ccc(F)cc2)S/C1=N\NC(=O)c1cc2ccccc2oc1=O,1
326,Cc1ccc(C(Nc2ccc(NC(c3ccc(C)cc3)n3nc(-c4cc(=O)oc5ccccc45)oc3=S)cc2)n2nc(-c3cc4ccccc4oc3=O)oc2=S)cc1,1
327,O=c1cc(-c2nn(C(Nc3ccc(-c4ccc(NC(c5ccc(Br)cc5)n5nc(-c6cc7ccccc7oc6=O)oc5=S)cc4)cc3)c3ccc(Br)cc3)c(=S)o2)c2ccccc2o1,1
328,O=c1oc2ccccc2cc1-c1nn(C(Nc2ccc(Oc3ccc(NC(c4ccc(Cl)cc4)n4nc(-c5cc6ccccc6oc5=O)oc4=S)cc3)cc2)c2ccc(Cl)cc2)c(=S)o1,1
329,CN(C)c1ccc(C(Nc2ccc(-c3ccc(NC(c4ccc(N(C)C)cc4)n4nc(-c5cc(=O)oc6ccccc56)oc4=S)cc3)cc2)n2nc(-c3cc4ccccc4oc3=O)oc2=S)cc1,1
330,O=c1oc2ccccc2cc1-c1nn(C(Nc2ccc(Oc3ccc(NC(c4ccc(Cl)cc4Cl)n4nc(-c5cc6ccccc6oc5=O)oc4=S)cc3)cc2)c2ccc(Cl)cc2Cl)c(=S)o1,1
331,CN(C)c1ccc(C(Nc2ccc(Oc3ccc(NC(c4ccc(N(C)C)cc4)n4nc(-c5cc6ccccc6oc5=O)oc4=S)cc3)cc2)n2nc(-c3cc4ccccc4oc3=O)oc2=S)cc1,1
332,O=c1cc(-c2nn(C(Nc3ccc(NC(c4cccc(Cl)c4)n4nc(-c5cc6ccccc6oc5=O)oc4=S)cc3)c3cccc(Cl)c3)c(=S)o2)c2ccccc2o1,1
333,O=c1cc(-c2nn(C(Nc3ccc(-c4ccc(NC(c5cccc(Cl)c5)n5nc(-c6cc7ccccc7oc6=O)oc5=S)cc4)cc3)c3cccc(Cl)c3)c(=S)o2)c2ccccc2o1,1
334,O=c1cc(-c2nn(C(Nc3ccc(NC(c4ccc(Cl)cc4)n4nc(-c5cc6ccccc6oc5=O)oc4=S)cc3)c3ccc(Cl)cc3)c(=S)o2)c2ccccc2o1,1
335,O=c1cc(-c2nn(C(Nc3ccc(NC(c4ccc(F)cc4)n4nc(-c5cc6ccccc6oc5=O)oc4=S)cc3)c3ccc(F)cc3)c(=S)o2)c2ccccc2o1,1
336,O=c1oc2ccccc2cc1-c1nn(C(Nc2ccc(Oc3ccc(NC(c4ccc([N+](=O)[O-])cc4)n4nc(-c5cc6ccccc6oc5=O)oc4=S)cc3)cc2)c2ccc([N+](=O)[O-])cc2)c(=S)o1,1
337,COc1cccc(C(Nc2ccc(NC(c3cccc(OC)c3)n3nc(-c4cc(=O)oc5ccccc45)oc3=S)cc2)n2nc(-c3cc4ccccc4oc3=O)oc2=S)c1,1
338,O=c1cc(-c2nn(C(Nc3ccc(-c4ccc(NC(c5ccc(Cl)cc5)n5nc(-c6cc7ccccc7oc6=O)oc5=S)cc4)cc3)c3ccc(Cl)cc3)c(=S)o2)c2ccccc2o1,1
339,O=c1cc(-c2nn(C(Nc3ccc(NC(c4ccc(Cl)cc4Cl)n4nc(-c5cc6ccccc6oc5=O)oc4=S)cc3)c3ccc(Cl)cc3Cl)c(=S)o2)c2ccccc2o1,1
340,O=c1oc2ccccc2cc1-c1nn(C(Nc2ccc(Oc3ccc(NC(c4ccc(Br)cc4)n4nc(-c5cc6ccccc6oc5=O)oc4=S)cc3)cc2)c2ccc(Br)cc2)c(=S)o1,1
341,CN(C)c1ccc(C(Nc2ccc(NC(c3ccc(N(C)C)cc3)n3nc(-c4cc(=O)oc5ccccc45)oc3=S)cc2)n2nc(-c3cc4ccccc4oc3=O)oc2=S)cc1,1
342,Cc1ccc(C(Nc2ccc(-c3ccc(NC(c4ccc(C)cc4)n4nc(-c5cc(=O)oc6ccccc56)oc4=S)cc3)cc2)n2nc(-c3cc4ccccc4oc3=O)oc2=S)cc1,1
343,COc1cccc(C(Nc2ccc(-c3ccc(NC(c4cccc(OC)c4)n4nc(-c5cc(=O)oc6ccccc56)oc4=S)cc3)cc2)n2nc(-c3cc4ccccc4oc3=O)oc2=S)c1,1
344,O=c1cc(-c2nn(C(Nc3ccc(-c4ccc(NC(c5ccc(Cl)cc5Cl)n5nc(-c6cc7ccccc7oc6=O)oc5=S)cc4)cc3)c3ccc(Cl)cc3Cl)c(=S)o2)c2ccccc2o1,1
345,Cc1ccc(C(Nc2ccc(Oc3ccc(NC(c4ccc(C)cc4)n4nc(-c5cc6ccccc6oc5=O)oc4=S)cc3)cc2)n2nc(-c3cc4ccccc4oc3=O)oc2=S)cc1,1
346,O=c1cc(-c2nn(C(Nc3ccc(-c4ccc(NC(c5ccc([N+](=O)[O-])cc5)n5nc(-c6cc7ccccc7oc6=O)oc5=S)cc4)cc3)c3ccc([N+](=O)[O-])cc3)c(=S)o2)c2ccccc2o1,1
347,O=c1cc(-c2nn(C(Nc3ccc(NC(c4cccc(Br)c4)n4nc(-c5cc6ccccc6oc5=O)oc4=S)cc3)c3cccc(Br)c3)c(=S)o2)c2ccccc2o1,1
348,O=c1cc(-c2nn(C(Nc3ccc(-c4ccc(NC(c5cccc(Br)c5)n5nc(-c6cc7ccccc7oc6=O)oc5=S)cc4)cc3)c3cccc(Br)c3)c(=S)o2)c2ccccc2o1,1
349,O=c1cc(-c2nn(C(Nc3ccc(NC(c4ccc([N+](=O)[O-])cc4)n4nc(-c5cc6ccccc6oc5=O)oc4=S)cc3)c3ccc([N+](=O)[O-])cc3)c(=S)o2)c2ccccc2o1,1
350,O=c1oc2ccccc2cc1-c1nn(C(Nc2ccc(Oc3ccc(NC(c4cccc(Br)c4)n4nc(-c5cc6ccccc6oc5=O)oc4=S)cc3)cc2)c2cccc(Br)c2)c(=S)o1,1
351,O=c1ccc2ccc(O)c(-c3c(OC4O[C@H](CO)[C@@H](O)[C@H](O)[C@H]4O)ccc4ccc(=O)oc34)c2o1,0
352,O=c1ccc2ccc(Oc3cc4ccc(O)c(-c5c(OC6O[C@H](CO)[C@@H](O)[C@H](O)[C@H]6O)ccc6ccc(=O)oc56)c4oc3=O)cc2o1,0
353,COC(=O)[C@]1(Cc2ccc3c(c2)C[C@H](C(C)(C)O)O3)OC(=O)C(O)=C1c1ccc(O)cc1,0
354,O=C1O/C(=C\c2ccc(O)cc2)C(O)=C1c1ccc(O)cc1,0
355,COc1cc2cc(Oc3cc(O[C@@H]4O[C@H](CO)[C@@H](O)[C@H](O)[C@H]4O[C@@H]4O[C@H](CO)[C@@H](O)[C@H](O)[C@H]4O)c4ccc(=O)oc4c3)c(=O)oc2cc1O,0
356,Cc1cc(O)cc(O)c1C(=O)O[C@H]1[C@@H]2COC(/C=C/C(=O)O)=CC2=CC(=O)[C@@]1(C)O,0
357,COC(OC)C1=CC2=CC(=O)[C@@](C)(O)[C@@H](OC(=O)c3c(C)cc(O)cc3O)[C@@H]2CO1,0
358,C/C=C/C1=CC2=CC(=O)[C@@](C)(O)[C@@H](OC(=O)c3c(C)cc(O)cc3O)[C@@H]2CO1,0
359,COC(=O)CCC1=CC2=CC(=O)[C@@](C)(O)[C@@H](OC(=O)c3c(C)cc(O)cc3O)[C@@H]2CO1,0
360,Cc1cc(O)cc(O)c1C(=O)O[C@H]1[C@@H]2COC(/C=C/CO)=CC2=CC(=O)[C@@]1(C)O,0
361,Cc1cc(O)cc(O)c1C(=O)O[C@H]1C2=COC(/C=C/CO)=CC2=CC(=O)[C@@]1(C)O,0
362,C/C=C/C1=CC2=CC(=O)[C@@](C)(OC(=O)c3c(C)cc(O)cc3O)C(=O)C2=CO1,0
363,Cc1cc(O)cc(O)c1C(=O)O[C@]1(C)C(=O)C=C2C=C(/C=C/CO)OC=C2C1=O,0
364,COC(=O)C1=CC2=CC(=O)[C@@](C)(O)[C@@H](OC(=O)c3c(C)cc(O)cc3O)[C@@H]2CO1,0
365,OC[C@H]1NC[C@H](O)[C@@H](O)[C@@H]1O,0
366,COC(=O)[C@]1(Cc2ccc3c(c2)C[C@@H](O)C(C)(C)O3)OC(=O)C(O)=C1c1ccc(O)cc1,0
367,COc1cc(-c2ccccc2)c(OC)c(O)c1-c1ccc(O)cc1,0
368,COc1cc(/C=C2\SC(=O)NC2=O)cc(OC)c1OCN1C(=O)c2ccccc2C1=O,0
369,CCCCC[C@H]1NC[C@@H](O)[C@@H](O)[C@H]1CO,0
370,O=C1NC(=O)/C(=C/c2cccc(OCN3C(=O)c4ccccc4C3=O)c2)S1,0
371,CCCCCCCCC[C@H]1NC[C@@H](O)[C@@H](O)[C@H]1CO,0
372,C[C@H]1NC[C@@H](O)[C@@H](O)[C@H]1CO,0
373,COc1cccc(/C=C2\SC(=S)NC2=O)c1OCN1C(=O)c2ccccc2C1=O,0
374,COc1ccc2oc3cc(OCc4cn(CC(=O)Nc5ccc(OC)c(OC)c5)nn4)cc(O)c3c(=O)c2c1,0
375,COc1cccc(/C=C2\SC(=O)NC2=O)c1OCN1C(=O)c2ccccc2C1=O,0
376,O=C(N/N=C1\S/C(=C\c2ccc(F)cc2)C(=O)N1c1cccc(Cl)c1)c1cc2ccccc2oc1=O,0
377,Cc1cccc(N2C(=O)/C(=C/c3ccc(F)cc3)S/C2=N\NC(=O)c2cc3ccccc3oc2=O)c1C,0
378,O=C1NC(=S)S/C1=C\c1ccccc1OCN1C(=O)c2ccccc2C1=O,0
379,COc1ccc2oc3cc(OCc4cn(CC(=O)Nc5ccc(OC)c(OC)c5)nn4)cc(OC(C)=O)c3c(=O)c2c1,0
380,O=C1NC(=O)/C(=C/c2ccccc2OCN2C(=O)c3ccccc3C2=O)S1,0
381,O=C1NC(=O)/C(=C/c2cc(Cl)ccc2OCN2C(=O)c3ccccc3C2=O)S1,0
382,Cc1ccc(C)c(N2C(=O)/C(=C/c3ccc(F)cc3)S/C2=N\NC(=O)c2cc3ccccc3oc2=O)c1,0
383,COc1ccc2c(=O)c3c(OC(C)=O)cc(OCc4cn(CC(=O)Nc5ccc(OC)c(OC)c5)nn4)cc3oc2c1,0
384,COC(=O)[C@]1(Cc2ccc(O)cc2)OC(=O)C(O)=C1c1ccc(O)cc1,0
385,C=CCOc1c(OC)c(-c2ccc(O)cc2)cc(OC)c1-c1ccc(O)cc1,0
386,COc1cc(OC)c([C@@H](OC)[C@H](C)O)cc1OC,0
387,Cc1cc(O)cc(O)c1C(=O)O[C@H]1[C@@H]2COC(/C=C/[C@H](C)O)=CC2=CC(=O)[C@@]1(C)O,0
388,CC(C)=CCC/C(C)=C/CC/C(C)=C/Cc1c(O)c(O)cc2oc3cc(O)cc(O)c3c(=O)c12,0
389,COc1c(O)ccc2c(=O)c3c(O)cc4c(c3oc12)C(C)(C)C(CO)O4,0
390,Oc1cc(O)c2c(c1)O[C@@H](c1ccc(O)c(O)c1)[C@H](O)C2,0
391,COc1cc(-c2ccc(OCC=C(C)C)cc2)c(OC)c(OCC=C(C)C)c1-c1ccc(O)cc1,0
392,O=C1NC(=O)/C(=C/c2cc([N+](=O)[O-])ccc2OCN2C(=O)c3ccccc3C2=O)S1,0
393,COC(=O)[C@]1(Cc2ccc3c(c2)CCC(C)(C)O3)OC(=O)C(O)=C1c1ccc(O)cc1,0
394,COc1ccc(NC(=O)Cn2cc(COc3cc(OC(C)=O)c4c(=O)c5cc(OC)ccc5oc4c3)nn2)c(OC)c1,0
395,O=C1/C(=C/c2ccccc2)CCC/C1=C\c1ccc(O)cc1,0
396,O=C(C1=C(O)/C(=C/c2ccc(O)c(O)c2)CCC1)c1ccccc1,0
397,O=C(/C=C(O)/C=C/c1ccc(O)cc1O)c1ccccc1O,0
398,COc1cc(/C=C2\SC(=S)NC2=O)cc(OC)c1OCN1C(=O)c2ccccc2C1=O,0
399,COc1c(O)cc2oc3cc(O)c(CC=C(C)C)c(O)c3c(=O)c2c1C/C=C(\C)CCC=C(C)C,0
400,O=C(/C=C(O)/C=C/c1cccc(O)c1)c1cc(Cl)ccc1O,0
401,O=C1NC(=S)S/C1=C\c1cc([N+](=O)[O-])ccc1OCN1C(=O)c2ccccc2C1=O,0
402,COc1cc(-c2ccc(O)cc2)c(OC)c(OC(=O)c2ccco2)c1-c1ccc(O)cc1,0
403,COc1cc(/C=C2\SC(=O)NC2=O)ccc1OCN1C(=O)c2ccccc2C1=O,0
404,O=C1NC(=S)S/C1=C\c1cc(Cl)ccc1OCN1C(=O)c2ccccc2C1=O,0
405,O=C1NC(=S)S/C1=C\c1cccc(OCN2C(=O)c3ccccc3C2=O)c1,0
406,COc1ccc(NC(=O)Cn2cc(COc3cc(OC(C)=O)c4c(=O)c5ccc(OC)cc5oc4c3)nn2)c(OC)c1,0
407,COc1ccc(NC(=O)Cn2cc(COc3cc(OC(C)=O)c4c(=O)c5cc(Br)ccc5oc4c3)nn2)cc1OC,0
408,C=CCOc1ccc(-c2c(OC)cc(-c3ccc(O)cc3)c(OC)c2O)cc1,0
409,O=c1ccc2ccc(OCC(O)CSc3nnc(-c4ccccc4)c(-c4ccccc4)n3)cc2o1,0
410,O=c1oc2ccccc2cc1OCC(O)CSc1nnc(-c2ccc(F)cc2)c(-c2ccc(F)cc2)n1,0
411,O=c1ccc2ccc(OCC(O)CSc3nnc(-c4ccc(F)cc4)c(-c4ccc(F)cc4)n3)cc2o1,0
412,O=c1ccc2ccc(OCC(O)CSc3nnc(-c4ccco4)c(-c4ccco4)n3)cc2o1,0
413,O=c1oc2ccccc2cc1OCC(O)CSc1nnc(-c2ccco2)c(-c2ccco2)n1,0
414,O=c1ccc2ccc(OCC(O)CSc3nnc(-c4cccc(F)c4)c(-c4cccc(F)c4)n3)cc2o1,0
415,O=c1oc2ccccc2cc1OCC(O)CSc1nnc(-c2cccc(Br)c2)c(-c2cccc(Br)c2)n1,0
416,COc1c(Cl)c(-c2ccc(O)cc2)c(OC)c(O)c1-c1ccc(O)cc1,0
417,COc1c(O)cc2oc3cc(O)c(CCC(C)(C)O)c(O)c3c(=O)c2c1CC=C(C)C,0
418,COc1ccc(NC(=O)Cn2cc(COc3cc(O)c4c(=O)c5cc(Br)ccc5oc4c3)nn2)cc1OC,0
419,CCOc1cc(/C=C2\SC(=O)NC2=O)ccc1OCN1C(=O)c2ccccc2C1=O,0
420,COc1c(O)cc2oc3cc(O)c(C/C=C(\C)CO)c(O)c3c(=O)c2c1C/C=C(\C)CCC=C(C)C,0
421,CC(C)=CCC/C(C)=C/COc1cc2oc3ccc(O)cc3c(=O)c2c(O)c1CC=C(C)C,0
422,O=C1/C(=C/c2ccccc2)CCC/C1=C\c1cccc(O)c1,0
423,C=CCOc1ccc(-c2cc(OC)c(-c3ccc(O)cc3)c(O)c2OC)cc1,0
424,COc1ccc(NC(=O)Cn2cc(COc3cc(OC(C)=O)c4c(=O)c5ccc(Br)cc5oc4c3)nn2)cc1OC,0
425,COc1cc(-c2ccc(O)cc2)c(OC)c(O)c1-c1ccc(O)c(CC=C(C)C)c1,0
426,O=C1NC(=O)/C(=C/c2ccc(OCN3C(=O)c4ccccc4C3=O)cc2)S1,0
427,CC(C)=CCc1c(O)c(CC=C(C)C)c2oc3ccc(O)cc3c(=O)c2c1O,0
428,CC(C)=CCC/C(C)=C/CCC(C)(O)CCc1c(O)c(O)cc2oc3cc(O)cc(O)c3c(=O)c12,0
429,COc1cc(-c2ccc(O)cc2)c(OC)c(OCC=C(C)C)c1-c1ccc(O)cc1,0
430,CSCC[C@H](NC(=O)[C@H](CC(C)C)NC(=O)[C@H](CO)NC(=O)[C@@H]1CCCN1C(=O)[C@@H](NC(=O)[C@@H](N)CCCNC(=N)N)C(C)C)C(=O)O,0
431,Cc1cc(O)cc(O)c1C(=O)O[C@H]1[C@@H]2COC(/C=C/C=O)=CC2=CC(=O)[C@@]1(C)O,0
432,O=C1C=C(c2ccc(O)cc2)C(=O)C(O)=C1c1ccc(O)cc1,0
433,COc1cc2oc3cc(O)c(OC)c(CC=C(C)C)c3c(=O)c2c(O)c1CC=C(C)C,0
434,O=C1NC(=O)/C(=C/c2ccc(OCN3C(=O)c4ccccc4C3=O)c([N+](=O)[O-])c2)S1,0
435,Oc1ccc(Br)cc1-c1nc2cc(Cl)ccc2s1,0
436,O=C1NC(=O)/C(=C/c2ccc(OCN3C(=O)c4ccccc4C3=O)c(Cl)c2)S1,0
437,CC(C)=CCC/C(C)=C/COc1ccc2oc3cc(O)cc(O)c3c(=O)c2c1,0
438,O=C1/C(=C/c2ccccc2)CCC/C1=C\c1ccc(O)c(O)c1,0
439,C#CCOc1ccc(-c2cc(OC)c(-c3ccc(O)cc3)c(OCC#C)c2OC)cc1,0
440,COc1cc(-c2ccc(OCC=C(C)C)cc2)c(OC)c(O)c1-c1ccc(O)cc1,0
441,Nc1c(C(c2cccc(Br)c2)c2c(N)c3ccccc3oc2=O)c(=O)oc2ccccc12,0
442,CC(C)(C)c1ccc(Cn2cc(CSc3nc4ccccc4s3)nn2)cc1,0
443,Cc1[nH]c2ccccc2c1-c1nnc(-c2ccc(C(c3c(-c4ccccc4)[nH]c4ccccc34)c3c(-c4ccccc4)[nH]c4ccccc34)cc2)o1,0
444,N#Cc1ccc2[nH]cc(C(c3ccc(-c4nnc(-c5c[nH]c6ccccc56)o4)cc3)c3c[nH]c4ccc(C#N)cc34)c2c1,0
445,Nc1c(C(c2cccc(Cl)c2)c2c(N)c3ccccc3oc2=O)c(=O)oc2ccccc12,0
446,Clc1ccc(Cn2cc(CSc3nc4cc(Cl)ccc4s3)nn2)cc1,0
447,Cc1[nH]c2ccccc2c1-c1nnc(-c2ccc(C(c3c[nH]c4ccccc34)c3c[nH]c4ccccc34)cc2)o1,0
448,COc1cccc(C(c2c(N)c3ccccc3oc2=O)c2c(N)c3ccccc3oc2=O)c1,0
449,Cn1cc(C(c2ccc(-c3nnc(-c4c[nH]c5ccccc45)o3)cc2)c2cn(C)c3ccccc23)c2ccccc21,0
450,Clc1ccc2[nH]cc(C(c3ccc(-c4nnc(-c5c[nH]c6ccccc56)o4)cc3)c3c[nH]c4ccc(Cl)cc34)c2c1,0
451,Cc1[nH]c2ccccc2c1-c1nnc(-c2ccc(C(c3c[nH]c4ccc(Cl)cc34)c3c[nH]c4ccc(Cl)cc34)cc2)o1,0
452,Cc1[nH]c2ccccc2c1-c1nnc(-c2ccc(C(c3c[nH]c4ccc(Br)cc34)c3c[nH]c4ccc(Br)cc34)cc2)o1,0
453,Cc1[nH]c2ccccc2c1-c1nnc(-c2ccc(C(c3c[nH]c4ccc(C#N)cc34)c3c[nH]c4ccc(C#N)cc34)cc2)o1,0
454,Clc1ccc(Cn2cc(CSc3nc4ccccc4s3)nn2)cc1,0
455,Clc1ccc2sc(SCc3cn(Cc4ccccc4Cl)nn3)nc2c1,0
456,Fc1cccc(Cn2cc(CSc3nc4cc(Cl)ccc4s3)nn2)c1,0
457,c1ccc(-c2[nH]c3ccccc3c2C(c2ccc(-c3nnc(-c4c[nH]c5ccccc45)o3)cc2)c2c(-c3ccccc3)[nH]c3ccccc23)cc1,0
458,COc1cc(C(c2c(N)c3ccccc3oc2=O)c2c(N)c3ccccc3oc2=O)cc(Cl)c1O,0
459,c1ccc2c(-c3nnc(-c4ccc(C(c5c[nH]c6ccccc56)c5c[nH]c6ccccc56)cc4)o3)c[nH]c2c1,0
460,Cc1[nH]c2ccccc2c1-c1nnc(-c2ccc(C(c3c(C)n(C)c4ccccc34)c3c(C)n(C)c4ccccc34)cc2)o1,0
461,Cc1c(C(c2ccc(-c3nnc(-c4c[nH]c5ccccc45)o3)cc2)c2c(C)n(C)c3ccccc23)c2ccccc2n1C,0
462,Cn1cc(-c2nnc(-c3ccc(C(c4c(-c5ccccc5)[nH]c5ccccc45)c4c(-c5ccccc5)[nH]c5ccccc45)cc3)o2)c2ccccc21,0
463,Clc1ccc2sc(SCc3cn(Cc4ccc(Br)cc4)nn3)nc2c1,0
464,Clc1ccc2sc(SCc3cn(Cc4ccccc4Br)nn3)nc2c1,0
465,Clc1cc(Cl)cc(Cn2cc(CSc3nc4cc(Cl)ccc4s3)nn2)c1,0
466,Fc1cccc(Cn2cc(CSc3nc4ccccc4s3)nn2)c1,0
467,Fc1ccc(Cn2cc(CSc3nc4cc(Cl)ccc4s3)nn2)cc1,0
468,Cc1cccc(C(c2c(N)c3ccccc3oc2=O)c2c(N)c3ccccc3oc2=O)c1,0
469,Clc1ccc2sc(SCc3cn(Cc4ccccc4)nn3)nc2c1,0
470,Nc1c(C(c2ccc([N+](=O)[O-])cc2)c2c(N)c3ccccc3oc2=O)c(=O)oc2ccccc12,0
471,Nc1c(C(c2ccccc2F)c2c(N)c3ccccc3oc2=O)c(=O)oc2ccccc12,0
472,Nc1c(C(c2ccccc2)c2c(N)c3ccccc3oc2=O)c(=O)oc2ccccc12,0
473,COc1cc(C(c2c(N)c3ccccc3oc2=O)c2c(N)c3ccccc3oc2=O)cc(Br)c1O,0
474,Cc1ccc(C(c2c(N)c3ccccc3oc2=O)c2c(N)c3ccccc3oc2=O)cc1,0
475,Brc1ccc(Cn2cc(CSc3nc4ccccc4s3)nn2)cc1,0
476,Cc1c(C(c2ccc(-c3nnc(-c4cn(C)c5ccccc45)o3)cc2)c2c(C)n(C)c3ccccc23)c2ccccc2n1C,0
477,Cn1cc(-c2nnc(-c3ccc(C(c4c[nH]c5ccc(Cl)cc45)c4c[nH]c5ccc(Cl)cc45)cc3)o2)c2ccccc21,0
478,Cn1cc(-c2nnc(-c3ccc(C(c4cn(C)c5ccccc45)c4cn(C)c5ccccc45)cc3)o2)c2ccccc21,0
479,Cn1cc(-c2nnc(-c3ccc(C(c4c[nH]c5ccc(C#N)cc45)c4c[nH]c5ccc(C#N)cc45)cc3)o2)c2ccccc21,0
480,Nc1c(C(c2cccc(F)c2)c2c(N)c3ccccc3oc2=O)c(=O)oc2ccccc12,0
481,Brc1ccccc1Cn1cc(CSc2nc3ccccc3s2)nn1,0
482,Cc1[nH]c2ccccc2c1-c1nnc(-c2ccc(C(c3cn(C)c4ccccc34)c3cn(C)c4ccccc34)cc2)o1,0
483,Fc1ccccc1Cn1cc(CSc2nc3cc(Cl)ccc3s2)nn1,0
484,O=C(/C=C(O)/C=C/c1cc(O)ccc1O)c1ccc(O)cc1O,0
485,Clc1cc(Cl)cc(Cn2cc(CSc3nc4ccccc4s3)nn2)c1,0
486,Nc1c(C(c2ccccc2Cl)c2c(N)c3ccccc3oc2=O)c(=O)oc2ccccc12,0
487,Cn1cc(-c2nnc(-c3ccc(C(c4c[nH]c5ccccc45)c4c[nH]c5ccccc45)cc3)o2)c2ccccc21,0
488,CC(C)(C)c1ccc(Cn2cc(CSc3nc4cc(Cl)ccc4s3)nn2)cc1,0
489,Cn1cc(-c2nnc(-c3ccc(C(c4c[nH]c5ccc(Br)cc45)c4c[nH]c5ccc(Br)cc45)cc3)o2)c2ccccc21,0
490,Nc1c(C(c2ccc(O)cc2)c2c(N)c3ccccc3oc2=O)c(=O)oc2ccccc12,0
491,O=C(/C=C(O)/C=C/c1cc(O)ccc1O)c1cc(O)ccc1O,0
492,CCCOc1c(OC)c(-c2ccc(O)cc2)cc(OC)c1-c1ccc(O)cc1,0
493,COc1cc(-c2ccc(O)cc2)c(OC)c(OCc2ccccc2)c1-c1ccc(O)cc1,0
494,Clc1ccccc1CSc1nc(-c2ccc(Br)cc2)cc(-c2ccc(Br)cc2)n1,0
495,Fc1ccccc1CSc1nc(-c2ccc(Br)cc2)cc(-c2ccc(Br)cc2)n1,0
496,Cc1ccc(-c2cc(-c3cccc(Br)c3)nc(SCc3ccccc3Cl)n2)cc1,0
497,Cc1ccc(-c2cc(-c3ccc(Br)cc3)nc(SCc3ccc(Cl)cc3)n2)cc1,0
498,Cc1ccc(-c2cc(-c3cccc(Br)c3)nc(SCc3ccc(F)cc3)n2)cc1,0
499,COC(=O)CC(C)=O,0
500,Clc1ccccc1CSc1nc(-c2ccc(Br)cc2)cc(-c2cccc(Br)c2)n1,0
501,Fc1cccc(CSc2nc(-c3ccc(Br)cc3)cc(-c3ccc(Br)cc3)n2)c1,0
502,Cc1ccc(-c2cc(-c3ccc(Br)cc3)nc(SCc3ccccc3Br)n2)cc1,0
503,Clc1ccc(CSc2nc(-c3ccc(Br)cc3)cc(-c3ccc(Br)cc3)n2)cc1,0
504,Fc1cccc(CSc2nc(-c3ccc(Br)cc3)cc(-c3cccc(Br)c3)n2)c1,0
505,Fc1ccc(CSc2nc(-c3ccc(Br)cc3)cc(-c3ccc(Br)cc3)n2)cc1,0
506,Cc1ccc(-c2cc(-c3cccc(Br)c3)nc(SCc3cccc(F)c3)n2)cc1,0
507,COc1cc(-c2ccc(O)cc2)c(OC)c(OCCBr)c1-c1ccc(O)cc1,0
508,COc1cc(-c2ccc(O)cc2)c(OC)c(O)c1-c1ccc(OCCBr)cc1,0
509,O=C(Cn1cc(COc2cc(O)c3c(=O)c4ccc(O)cc4oc3c2)nn1)Nc1ccc(O)cc1O,0
510,COc1cc(-c2ccc(O)cc2)c(OC)c(O)c1-c1ccc(OCC=C(C)C)cc1,0
511,CC(C)=CCC/C(C)=C/Cc1c(O)c(CC=C(C)C)c(O)c2c(=O)c3cc(O)ccc3oc12,0
512,COc1cc(/C=C2\SC(=S)NC2=O)ccc1OCN1C(=O)c2ccccc2C1=O,0
513,CC(C)=CCCC(C)(O)C1Cc2c(c(CC=C(C)C)c(O)c3c(=O)c4cc(O)ccc4oc23)O1,0
514,COc1cc(-c2ccc(OCCBr)cc2)c(OC)c(O)c1-c1ccc(O)cc1,0
515,COc1ccc2c(=O)c3c(O)cc(OCc4cn(CC(=O)Nc5ccc(OC)c(OC)c5)nn4)cc3oc2c1,0
516,O=C(Cn1cc(COc2cc(O)c3c(=O)c4cc(O)ccc4oc3c2)nn1)Nc1ccc(O)cc1O,0
517,CC(C)=CCC/C(C)=C/CC/C(C)=C/CCC(C)(O)CCc1c(O)c(O)cc2oc3cc(O)cc(O)c3c(=O)c12,0
518,O=C(/C=C(O)/C=C/c1ccc(O)c(O)c1)c1cc(Cl)ccc1O,0
519,O=C(Cn1cc(Cn2c(-c3ccc(Br)cc3)nc(-c3ccccc3)c2-c2ccccc2)nn1)Nc1ccc(F)cc1,0
520,Cc1ccccc1NC(=O)Cn1cc(Cn2c(-c3ccc(Br)cc3)nc(-c3ccccc3)c2-c2ccccc2)nn1,0
521,Cc1ccccc1NC(=O)Cn1cc(Cn2c(-c3cccc(F)c3)nc(-c3ccccc3)c2-c2ccccc2)nn1,0
522,CCOc1ccccc1NC(=O)Cn1cc(Cn2c(-c3cccc(Br)c3)nc(-c3ccccc3)c2-c2ccccc2)nn1,0
523,COc1ccc(-c2nc(-c3ccccc3)c(-c3ccccc3)n2Cc2cn(CC(=O)Nc3ccc(Cl)cc3Cl)nn2)cc1OC,0
524,CCOc1ccccc1NC(=O)Cn1cc(Cn2c(-c3ccccc3F)nc(-c3ccccc3)c2-c2ccccc2)nn1,0
525,CCOc1ccc(NC(=O)Cn2cc(Cn3c(-c4ccc(C(=O)OC)cc4)nc(-c4ccccc4)c3-c3ccccc3)nn2)cc1,0
526,COc1ccc(NC(=O)Cn2cc(Cn3c(-c4cccc(Cl)c4)nc(-c4ccccc4)c3-c3ccccc3)nn2)cc1,0
527,Cc1ccc(NC(=O)Cn2cc(Cn3c(-c4cccc(Cl)c4)nc(-c4ccccc4)c3-c3ccccc3)nn2)c(C)c1,0
528,COc1ccccc1-c1nc(-c2ccccc2)c(-c2ccccc2)n1Cc1cn(CC(=O)Nc2ccc(C)cc2)nn1,0
529,COC(=O)c1ccc(-c2nc(-c3ccccc3)c(-c3ccccc3)n2Cc2cn(CC(=O)Nc3cc(Cl)ccc3Cl)nn2)cc1,0
530,Cc1ccc(NC(=O)Cn2cc(Cn3c(-c4cccc(F)c4)nc(-c4ccccc4)c3-c3ccccc3)nn2)c(C)c1,0
531,CCOc1ccc(NC(=O)Cn2cc(Cn3c(-c4cccc(Cl)c4)nc(-c4ccccc4)c3-c3ccccc3)nn2)cc1,0
532,COc1ccc(NC(=O)Cn2cc(Cn3c(-c4cccs4)nc(-c4ccccc4)c3-c3ccccc3)nn2)cc1,0
533,O=C(Cn1cc(Cn2c(-c3ccc(F)cc3)nc(-c3ccccc3)c2-c2ccccc2)nn1)Nc1ccc(Cl)cc1Cl,0
534,O=C(/C=C(O)/C=C/c1ccc(O)c(O)c1)c1ccccc1O,0
535,COc1cc(-c2ccc(OCCC(C)C)cc2)c(OC)c(O)c1-c1ccc(O)cc1,0
536,COc1ccc(-c2ccc(O[C@H](C)Cn3cc(-c4ccc(C(F)(F)F)cc4)nn3)c(OC)c2)cc1,0
537,COC(=O)[C@]1(Cc2ccc(O)c(CC=C(C)C)c2)OC(=O)C(O)=C1c1ccc(O)cc1,0
538,O=C(/C=C(O)/C=C/c1ccco1)c1cc(O)ccc1O,0
539,COc1cc(-c2ccc([N+](=O)[O-])cc2)ccc1O[C@H](C)Cn1cc(-c2ccc(C(F)(F)F)cc2)nn1,0
540,COc1cc(Br)ccc1O[C@H](C)Cn1cc(-c2ccc(F)cc2)nn1,0
541,COC(=O)c1cn(C[C@@H](C)Oc2ccc(Br)cc2OC)nn1,0
542,COc1cc(-c2ccc(F)cc2)ccc1O[C@H](C)Cn1cc(-c2ccc(C(F)(F)F)cc2)nn1,0
543,COc1cc(-c2ccc(O)c(O)c2)c(OC)c(O)c1-c1ccc(O)c(O)c1,0
544,COc1cc(Br)ccc1O[C@H](C)Cn1cc(-c2ccccc2)nn1,0
545,COc1cc(Br)ccc1O[C@H](C)Cn1cc(-c2ccc(C(F)(F)F)cc2)nn1,0
546,COc1cc(-c2ccc(C)cc2)ccc1O[C@H](C)Cn1cc(-c2ccc(C(F)(F)F)cc2)nn1,0
547,C=C(C)C(O)CC/C(C)=C/COc1ccc2oc3cc(O)cc(O)c3c(=O)c2c1,0
548,CC1(C)CCc2cc(CC3=C(c4ccc(O)cc4)C(O)OC3=O)ccc2O1,0
549,COc1cc(-c2ccc(O)cc2)c(O)c(O)c1-c1ccc(O)cc1,0
550,COc1ccc(NC(=O)Cn2cc(COc3cc(OC(C)=O)c4c(=O)c5ccc(Br)cc5oc4c3)nn2)c(OC)c1,0
551,COc1cc(-c2ccc(O)cc2)c(OC)c(O)c1-c1ccc(OCc2ccccc2)cc1,0
552,COc1cc(-c2ccc(OCc3ccccc3)cc2)c(OC)c(O)c1-c1ccc(O)cc1,0
553,CCCOc1ccc(-c2c(OC)cc(-c3ccc(O)cc3)c(OC)c2O)cc1,0
554,COc1cc(-c2ccc(OCc3ccc(-c4ccccc4)cc3)cc2)c(OC)c(O)c1-c1ccc(O)cc1,0
555,COc1ccc(NC(=O)Cn2cc(COc3cc(OC(C)=O)c4c(=O)c5cc(Br)ccc5oc4c3)nn2)c(OC)c1,0
556,COc1ccc(NC(=O)Cn2cc(COc3cc(O)c4c(=O)c5ccc(Br)cc5oc4c3)nn2)cc1OC,0
557,CC1(C)CCc2cc(CC3OC(=O)C(O)=C3c3ccc(O)cc3)ccc2O1,0
558,COc1c(O)cc2oc3cc4c(c(O)c3c(=O)c2c1CC=C(C)C)C=CC(C)(C)O4,0
559,COc1cc(-c2ccc(O)cc2)c(OC)c(O)c1-c1ccc(O)c(O)c1,0
560,CCCOc1ccc(-c2c(OC)cc(-c3ccc(O)cc3)c(OC)c2OCCC)cc1,0
561,COC(=O)[C@@]1(O)OC(=O)C(Cc2ccc3c(c2)CCC(C)(C)O3)=C1c1ccc(O)cc1,0
562,C=C(CCC=C(C)C)C(O)Cc1c(O)c(CC=C(C)C)c(O)c2c(=O)c3cc(O)ccc3oc12,0
563,CC1=CCC(C=C1)C(C)C,0
564,CC1=CC=C(CC1)C(C)C,0
565,CC1=CC(=CC=C1)C(C)C,0
566,CC1=CCC(CC1)C(=C)C,0
567,CC(C)C1CCC(=C)C=C1,0
568,CC(=CCC=C(C)C=C)C,0
569,CCCCCCCCC=O,0
570,CC1=CCC(CC1)(C(C)C)O,0
571,CC1=CCC(CC1)C(C)(C)O,0
572,CC(C)C1CCC(=CC1)C=O,0
573,CC1=CCC2C3C1C2(CCC3C(C)C)C,0
574,CC1CCC2C(C2(C)C)C3=C1CCC3C,0
575,CC(=C)C1CCC(C(C1)C(=C)C)(C)C=C,0
576,CC1=C2C3C(C3(C)C)CCC2(CCC1)C,0
577,CC1(C2C1C3C(=C)CCCC3(CC2)C)C,0
578,CC1(CCC=C2C1CCC(C2)(C)O)C,0
579,CC1CCC2C1C3C(C3(C)C)CCC2=C,0
580,CC1CCC23CC1C(C2CCC3C)(C)C,0
581,CC1CCC(C2=CC(=CCC12)C)C(C)C,0
582,CC1=CC2C(CC1)C(=C)CCCC2(C)C,0
583,CC1CCC2C(CC=C(C2=C1)C(C)C)C,0
584,CC1=CCC(C=CCC(=CCC1)C)(C)C,0
585,CC1CCC2C1C3C(C3(C)C)CCC2=C,0
586,CC1=CC2C(CC1)C(=C)CCC2C(C)C,0
587,CC1=CCCC(=C)C=CC(CC1)C(C)C,0
588,CC1=CCC2C(C1)C(CC=C2C)C(C)C,0
589,CC1CCC2=C(CCC3C(C12)C3(C)C)C,0
590,CC1=CC2C(CC1)C(=CCC2C(C)C)C,0
591,CC1=CC2C(CCC(=C2CC1)C)C(C)C,0
592,CC1=CC2C(CC1)C(=C)CCC2C(C)C,0
593,CC1=CC2C(CCC(=C2CC1)C)C(C)C,0
594,CC1CCC(C2=C1C=CC(=C2)C)C(C)C,0
595,CC1CCC(=C2C1CCC(=C2)C)C(C)C,0
596,CC1=CCC(C2=C1C=CC(=C2)C)C(C)C,0
597,CC1CCC2C1C3C(C3(C)C)CCC2(C)O,0
598,CC1(C2C1C3C(CCC3(C)O)C(=C)CC2)C,0
599,CC1CCC2C1C3C(C3(C)C)CCC2(C)O,0
600,CC1CCCC2(C1=CC(CC2)C(C)(C)O)C,0
601,CC1CCC(C2C1(CCC(=C2)C)O)C(C)C,0
602,CC1(C2C1C3C(CCC3(C)O)C(=C)CC2)C,0
603,CC1=CC2C(CCC(C2CC1)(C)O)C(C)C,0
604,CC1=CCC2CC1C2(C)C,0
605,CC1(C2CCC(C2)C1=C)C,0
606,CC1(C2CCC(=C)C1C2)C,0
607,CC1(C2CCC1(C(=O)C2)C)C,0
608,CC1(C2CCC(C2)C1(C)O)C,0
609,CC1(C2CCC1(C(C2)O)C)C,0
610,CC(=O)OC1CC2CCC1(C2(C)C)C,0
611,CC1=CCCC(C1=C)(C)C,0
612,CC1CCC(C2C13C2C(=CC3)C)C(C)C,0
613,CC(C)C1CCC2(C1C3C2CCC3=C)C,0
614,CC(=C)C1CCC(C(C1)C(=C)C)(C)C=C,0
615,CC1CCC2C(C2(C)C)C3=C(CCC13)C,0
616,CC1CCC(C2=CC(=C)CCC12)C(C)C,0
617,CC(C)C1=CC(=C(C)C)CCC1(C)C=C,0
618,CC1=CC2C(CC1)C(=CCC2C(C)C)C,0
619,CC(=C)C1CCC2(CCCC(=C)C2C1)C,0
620,CC1=C2C=C(CCC2(CCC1)C)C(C)C,0
621,CC1CCC=C2C1(CC(CC2)C(=C)C)C,0
622,CC1=CCCC2(C1CC(CC2)C(=C)C)C,0
623,CC1=CC2C(CCC(=C2CC1)C)C(C)C,0
624,CC1=CC2C(CC1)C(=C)CCC2C(C)C,0
625,CC1CCC(=C2C1CCC(=C2)C)C(C)C,0
626,CC1CCC2C(CCC(C2=C1)(C(C)C)O)C,0
627,CC1=CC2=C(C=C1)C(=C)CCC2C(C)C,0
628,CC1CC2C(C=CC(=C2C=C1)C)C(C)C,0
629,CC1(CC2C1CCC3(C(O3)CCC2=C)C)C,0
630,CC12CCCC(=C)C1CC(CC2)C(C)(C)O,0
631,CC1=CCC(C=CCC2(C(O2)CC1)C)(C)C,0
632,CC1CCC(C2C1(CCC(=C2)C)O)C(C)C,0
633,CC1=C2CCC(C2C3C(C3(C)C)CC1)(C)O,0
634,CC1CCC(CC2=C1CCC2C)C(C)(C)O,0
635,CC1=CCC2C(C1)C(CCC2(C)O)C(C)C,0
636,CC1=CCC2C(C1)C(CCC2(C)O)C(C)C,0
637,CC(=C1CCC2(CCCC(C2C1)(C)O)C)C,0
638,CC(=O)C=C=CC(C)(C)CCC1(CO1)C(=O)C,0
639,CC1=C(C(CCC1)(C)C)CC=C(C)CO,0
640,CC1=C(C(CCC1)(C)C)C=CC(=CC=CC(=CC=O)C)C,0
641,CC(=C)C1C=CCCC1(C)C=C,0
642,CC1=CCCC(=CC=CCC1)C,0
643,CC(C)C1=CC(C(CC1)(C)C=C)C(=C)C,0
644,CC1(CCC2C1C=CCCC2=C)O,0
645,CC1CCC(C2C13C2C(=C)CC3)C(C)C,0
646,CC1(CCC2C1C=CCCC2=C)O,0
647,CC1=CCC2CC1C2(C)CCC=C(C)C,0
648,CC(=CCCC(=CCCC(=C)C=C)C)C,0
649,CC1=CC=C(C=C1)C(C)CCC=C(C)C,0
650,CC1=CCCC(=CC2C(C2(C)C)CC1)C,0
651,CC1=CCC(CC1)C(=C)CCC=C(C)C,0
652,CC(=CCCC1(C2CCC(O1)(CC2)C)C)C,0
653,CC(CCC=C(C)C)C12CCC(C1C2)(C)O,0
654,CC1=CCCC(=CCC(=C(C)C)CC1)C,0
655,CC(=CCCC(=CCCC(C)(C=C)O)C)C,0
656,CC(C)C1CCC2(C1CC(=C)CCC2=O)C,0
657,CC1=C2CC(CCC2(CCC1)C)C(C)(C)O,0
658,CC1(C(CCC1(C)C(=O)O)C(=O)O)C,0
659,CC1CCC2C1C3C(C3(C)C)CCC24CO4,0
660,CC1=CCCC2(C1CC(CC2)C(C)(C)O)C,0
661,CC(=CCCC(C)(C1CCC(=C)CC1)O)C,0
662,C=CC1CCC(=C)C2C1C=C(CC2)CO,0
663,CC1=CCC(CC1)C(C)(CCC=C(C)C)O,0
664,CC1=CCC(CC1)C(C)(CCC=C(C)C)O,0
665,CC12CCCC(=C)C1CC(CC2)C(=C)CO,0
666,CC(=CCCC(=C)C=C)C,0
667,CC(=CCCC(C)(C=C)O)C,0
668,CC(CCC=C(C)C)CC=O,0
669,CCCCCCC=CCO,0
670,CC(=CCCC(=CCCC(=O)C)C)C,0
671,CC(CCC=C(C)C)C12CCC(=C)C1C2,0
672,CC1=CCC2(CCC(C2=CC1)C(C)C)C,0
673,CC(C)C(=O)OCC=C(C)CCC=C(C)C,0
674,CC(CCC=C(C)C)C1CCC(=C)C=C1,0
675,CC1=CCC(=C(C)CCC=C(C)C)CC1,0
676,CC1CCC(C12CCC(=CC2)C)C(C)(C)O,0
677,CC(=CCCC(=CCCC(=CC=O)C)C)C,0
678,CCCCCCCCCCCCCCCC(=O)O,0
679,CCCCCC=CCC=CCCCCCCCC(=O)O,0
680,CCCCCCCCC=CCCCCCCCC(=O)O,0
681,CC1(CCCC2(C1CCC3(C2CCC(C3)(C)C=C)O)C)C,0
682,CC(C)(C=C)C=CC(C)(C)O,0
683,CC1(C2CCC(O1)(CC2)C)C,0
684,CC1CCC(C2C1CCC(=C2)C)C(=C)CO,0
685,CC1C2CC2(CC1=O)C(C)C,0
686,CC1=C(C=C(C=C1)C(C)C)O,0
687,CC1C2CC2(CC1=O)C(C)C,0
688,CC(=CCCC(=CC=O)C)C,0
689,CC(=CCCC(=CC=O)C)C,0
690,CCCCCC(CCC)O,0
691,CC(=CCCC(=O)C)C,0
692,CC(CCC=C(C)C)CCOC(=O)N,0
693,CC(=CCCC(=CCOC(=O)C)C)C,0
694,CC(=O)C1=CC=CC=C1,0
695,CC1CCC2(C(C3CCC2(C1C3)C)(C)C)O,0
696,CC1CCC(CC2=C(CCC12)C)C(=C)C,0
697,CC1CCC2=C(CCC(CC12)C(=C)C)C,0
698,CC1CCC2=C(CCC(=C(C)C)CC12)C,0
699,CC1(C2CCC(C2)C1=C)C,0
700,CC1(C2CCC1(C(=O)C2)C)C,0
701,CC1=CC2C(CCC(=C2CC1)C)C(C)C,0
702,CC1=CCC2C3C1C2(CCC3C(C)C)C,0
703,CC(C)C1(C2CC(=C)CCC2C3(C1C3)C)O,0
704,CC(=C)C1CC(CCC1(C)C=C)C(C)(C)O,0
705,CC(C)C1=CC(=C(C)C)C(=O)C[C@]1(C)C=C,0
706,CC1C(CCC2C1(CCC3C2(CCC4(C3(CCC5(C4CC(CC5)(C)C)C)C)C)C)C)O,0
707,CC(=CCCC(=CCCC(=CCO)C)C)C,0
708,CC1C(=O)CCC2C1(CCC3C2(CCC4(C3(CCC5(C4CC(CC5)(C)C)C)C)C)C)C,0
709,CC1=CCCC(=CCC(CC1)C(=C)C)C,0
710,CC1CCC(CC2=C1CCC2C)C(=C)C,0
711,CC1CCC2=C(CCC(CC12)C(=C)C)C,0
712,CC1CCC(C=C2C1CCC2C)C(=C)C,0
713,CCCCCCC=O,0
714,CC1(C2CC=C(C1C2)CO)C,0
715,CC1(C2CCC3(C1(CC=CC3C2)O)C)C,0
716,CCCCCC(CC)O,0
717,CC1(CCC2(CCC3(C(=CCC4C3(CCC5C4(CCC(C5(C)C)O)C)C)C2C1)C)C(=O)O)C,0
718,CC1CCC23C1CC(C2(C)C)CC=C3C,0
719,CC1CCC2=C1CC3CCC2(C3(C)C)C,0
720,CC1CCC23C1CC(C2(C)C)CCC3=C,0
721,CC1CC=C2C1CC3CCC2(C3(C)C)C,0
722,CC1CCC2C1CC(CCC2(C)O)C(=C)C,0
723,CC1=CC(=C(C(=O)O1)C(=O)CCC(C)C)O,0
724,CC1CCC2(C(=C)C3CCC2(C1C3)C)C,0
725,COC1=C(C=CC(=C1)CC=C)O,0
726,CC1=CC=C(C=C1)C(C)C,0
727,COC(=O)C1=CC=CC=C1O,0
728,COC1=CC=C(C=C1)CC=C,0
729,C=CCC1=CC=C(C=C1)O,0
730,CC=CC1=CC=C(C=C1)OC,0
731,COC1=CC=C(C=C1)C=O,0
732,CC=CC1=CC=C(C=C1)OC,0
733,CC(=O)CCC1=CC=C(C=C1)OC,0
734,COC1=C(C=C(C=C1)CC=C)OC,0
735,CC(=O)OC1=C(C=C(C=C1)CC=C)OC,0
736,CC1CCC(C(=CCC2C1CC2(C)C)C)O,0
737,CC(=CCCC(=CCC(CO)C(=C)C)C)C,0
738,CC1=CC2C(CCC(C2CC1)(C)O)C(C)C,0
739,CC=CC1=CC=C(C=C1)OCC=C(C)C,0
740,CC1=CCC2(C1C2)C(C)C,0
741,CC(=C)CCCC(=C)C=C,0
742,CC1=CCC(CC1)C(=C)C,0
743,CC(C)C12CCC(=C)C1C2,0
744,CC1(C2CCC1(C(C2)O)C)C,0
745,CC1CCC(=C(C)C)CC2=C1CCC2C,0
746,CC(C)CCCC(C)CCCC(C)CCCC(=CCO)C,0
747,CC1CCC2C1C3C(C3(C)C)CCC2=C,0
748,CC1CCC=C2C1(C3C(C3(C)C)CC2)C,0
749,CCCCOC(=O)C1=CC=CC=C1,0
750,C1=COC=C1C=O,0
751,C1=CC=C(C=C1)C=O,0
752,CCCCCCCO,0
753,CCCCCC(C=C)O,0
