,ID,Smiles,Standard Value,Class
0,1,N#Cc1cn(-c2ccc(C(=O)O)c(O)c2)cc1-c1ccco1,1.7,1
1,2,N#Cc1cn(-c2ccc(C(=O)O)cc2)cc1-c1ccc(OCC(=O)O)cc1,2.1,1
2,3,N#Cc1cn(CC2CC2)c2ccc(-c3cc(C(=O)O)ccn3)cc12,2.1,1
3,4,N#Cc1cn(-c2ccc(C(=O)O)cc2)cc1-c1cccc(O)c1,2.1,1
4,5,CC(C)COc1cn(-c2ccc(C(=O)O)cc2)cc1C#N,2.3,1
5,6,N#Cc1cn(-c2ccc(C(=O)O)cc2)cc1-c1cccc(OCCO)c1,2.4,1
6,7,N#Cc1cn(-c2ccc(C(=O)O)cn2)cc1-c1ccccc1,2.4,1
7,8,N#Cc1cn(-c2ccc(C(=O)O)cc2)cc1-c1ccc(O)cc1,2.5,1
8,9,N#Cc1cn(-c2ccc(C(=O)O)cc2)cc1-c1cccc(OCC(=O)O)c1,2.7,1
9,10,N#Cc1cn(CC2CC2)c2ccc(-n3cc(C(=O)O)cn3)cc12,2.8,1
10,11,CCCCCc1cn(-c2ccc(C(=O)O)cc2)cc1C#N,2.8,1
11,12,CCC(C)Oc1ccc(-c2nc(C)c(C(=O)O)n2O)cc1C#N,3.0,1
12,13,CCCCOc1ccc(-c2nc(C)c(C(=O)O)n2O)cc1C#N,3.0,1
13,14,N#Cc1cn(-c2ccc(C(=O)O)cc2)nc1NC(=O)c1ccccc1,3.1,1
14,15,CC(C)(C)c1nn(-c2ccc(C(=O)O)c(O)c2)cc1C#N,3.2,1
15,16,CCCCc1cn(-c2ccc(C(=O)O)cc2)cc1C#N,3.3,1
16,17,COc1ccc(-c2n[nH]c(-c3ccncc3)n2)cc1[N+](=O)[O-],3.3,1
17,18,CCCCc1cn(-c2ccc(C(=O)O)c(O)c2)cc1C#N,3.3,1
18,19,CC(C)n1cc(C#N)c2cc(-n3cc(C(=O)O)cn3)ccc21,3.4,1
19,20,CC(C)(C)COc1ccc(-n2cc(C(=O)O)cn2)cc1C#N,3.5,1
20,21,CCCc1cn(-c2ccc(C(=O)O)cc2)cc1C#N,3.6,1
21,22,CC(C)Cc1cn(-c2ccc(C(=O)O)cc2)cc1C#N,3.6,1
22,23,N#Cc1cn(-c2ccc(C(=O)O)cc2)cc1-c1ccco1,3.6,1
23,24,N#Cc1cn(-c2ccc(C(=O)O)cc2)cc1C(=O)NCc1ccccc1,3.6,1
24,25,N#Cc1cn(-c2ccc(C(=O)O)cc2)cc1CCc1ccccc1,3.8,1
25,26,COCCn1cc(C#N)c2cc(-n3cc(C(=O)O)cn3)ccc21,3.8,1
26,27,N#Cc1cn(-c2ccc(C(=O)O)cc2)cc1CCc1ccco1,3.9,1
27,28,COc1ccc(-c2cn(-c3ccc(C(=O)O)c(O)c3)cc2C#N)cc1OC,3.9,1
28,29,N#Cc1cn(-c2ccc(C(=O)O)c(O)c2)c2ccc(F)cc12,3.9,1
29,30,COc1c(-c2ccc(O)cc2)oc2cc(O)cc(O)c2c1=O,4.0,1
30,31,COCCOc1cn(-c2ccc(C(=O)O)cc2)cc1C#N,4.0,1
31,32,N#Cc1cn(-c2ccc(C(=O)O)c(O)c2)cc1-c1ccc(C(=O)O)cc1,4.0,1
32,33,N#Cc1cn(-c2ccc(C(=O)O)cc2)cc1-c1ccc(OCCO)cc1,4.0,1
33,34,CC(C)(C)COc1ccc(-c2cc(O)nc(N)n2)cc1C#N,4.0,1
34,35,N#Cc1cn(-c2ccc(C(=O)O)cc2)cc1-c1ccccc1O,4.0,1
35,36,N#Cc1cn(-c2ccc(C(=O)O)cc2)cc1-c1ccccc1OCCO,4.0,1
36,37,CCOc1cn(-c2ccc(C(=O)O)cc2)cc1C#N,4.1,1
37,38,N#Cc1cc(-n2cc(C(=O)O)cn2)ccc1N1CCCCC1,4.2,1
38,39,N#Cc1cn(-c2ccc(C(=O)O)c(O)c2)c2cc(F)ccc12,4.3,1
39,40,N#Cc1cn(-c2ccc(C(=O)O)c(O)c2)cc1-c1ccc(O)cc1,4.4,1
40,41,CC(C)Cn1cc(C#N)c2cc(-n3cc(C(=O)O)cn3)ccc21,4.5,1
41,42,N#Cc1cccc(-c2cn(-c3ccc(C(=O)O)cc3)cc2C#N)c1,4.6,1
42,43,CC(C)n1cc([N+](=O)[O-])c2cc(-n3cc(C(=O)O)cn3)ccc21,4.6,1
43,44,COCOc1ccccc1-c1cn(-c2ccc(C(=O)O)cc2)cc1C#N,4.6,1
44,45,N#Cc1cn(-c2ccc(C(=O)O)c(O)c2)c2cccc(F)c12,4.6,1
45,46,N#Cc1cn(-c2ccc(C(=O)O)c(O)c2)c2cc(Cl)c(F)cc12,4.6,1
46,47,CN(Cc1ccccc1)C(=O)c1cn(-c2ccc(C(=O)O)cc2)cc1C#N,4.6,1
47,48,N#Cc1cn(C2CCCC2)c2ccc(-n3cc(C(=O)O)cn3)cc12,4.6,1
48,49,N#Cc1cn(-c2ccc(C(=O)O)cc2)nc1NC(=O)Cc1ccccc1,4.6,1
49,50,O=[N+]([O-])c1cc(-c2n[nH]c(-c3ccncc3)n2)ccc1Cl,4.7,1
50,51,N#Cc1cn(-c2ccc(C(=O)O)cc2)cc1CCC1CCCO1,4.7,1
51,52,CC(C)n1cc(C#N)c2cc(-c3ccc(C(=O)O)s3)ccc21,4.7,1
52,53,Cc1nn(-c2ccc3c(c2)c(C#N)cn3CC2CC2)cc1C(=O)O,4.8,1
53,54,COCOc1ccc(-c2cn(-c3ccc(C(=O)O)cc3)cc2C#N)cc1,4.9,1
54,55,CC(C)COc1ccc(-c2n[nH]c(-c3ccncc3)n2)cc1C#N,4.9,1
55,56,N#Cc1cn(-c2ccc(C(=O)O)c(O)c2)nc1-c1ccccc1,4.9,1
56,57,N#Cc1cn(-c2ccc(C(=O)O)cc2)cc1-c1cccc(C(=O)O)c1,5.0,1
57,58,N#Cc1cn(-c2ccc(C(=O)O)cc2)cc1-c1cccc(OCCCO)c1,5.0,1
58,59,CC(C)(COc1ccc(-c2cc(O)nc(N)n2)cc1C#N)C(=O)O,5.0,1
59,60,N#Cc1cn(-c2ccc(C(=O)O)cc2)cc1-c1cccc(CO)c1,5.0,1
60,61,N#Cc1cc(-c2cc(O)nc(N)n2)ccc1OCc1ccc(C(=O)O)cc1,5.0,1
61,62,N#Cc1cn(-c2ccc(C(=O)O)c(O)c2)cc1-c1c(F)cccc1F,5.0,1
62,63,N#Cc1cn(-c2ccc(C(=O)O)c(O)c2)c2ccccc12,5.0,1
63,64,CC(C)c1cc2cc(-n3cc(C(=O)O)cn3)cc(C#N)c2[nH]1,5.0,1
64,65,CC(C)(C)Cn1cc(C#N)c2cc(-n3cc(C(=O)O)cn3)ccc21,5.0,1
65,66,N#Cc1cn(-c2ccc(C(=O)O)c(O)c2)c2cc(O)ccc12,5.1,1
66,67,N#Cc1cn(-c2ccc(C(=O)O)cc2)cc1-c1ccc(C(=O)O)cc1,5.1,1
67,68,N#Cc1cn(-c2ccc(C(=O)O)cc2)cc1-c1ccccc1OCC(=O)O,5.1,1
68,69,N#Cc1cn(-c2ccc(C(=O)O)c(O)c2)cc1-c1ccc(Cl)s1,5.2,1
69,70,Cn1cc(-c2cn(-c3ccc(C(=O)O)c(O)c3)cc2C#N)c2ccccc21,5.2,1
70,71,N#Cc1cn(-c2ccc(C(=O)O)c(O)c2)cc1-c1nccs1,5.2,1
71,72,CC(CF)n1cc(C#N)c2cc(-n3cc(C(=O)O)cn3)ccc21,5.2,1
72,73,N#Cc1cn(-c2ccc(C(=O)O)c(O)c2)cc1-c1ccsc1,5.2,1
73,74,N#Cc1cn(-c2ccc(C(=O)O)c(F)c2)cc1-c1ccccc1,5.2,1
74,75,N#Cc1cc(-c2n[nH]c(-c3ccncc3)n2)ccn1,5.3,1
75,76,CN(C)/C=N/c1nn(-c2ccc(C(=O)O)cc2)cc1C#N,5.3,1
76,77,COc1cn(-c2ccc(C(=O)O)c(O)c2)cc1C#N,5.3,1
77,78,N#Cc1ccc(-c2cn(-c3ccc(C(=O)O)c(O)c3)cc2C#N)cc1,5.3,1
78,79,N#Cc1cn(C2CCOC2)c2ccc(-n3cc(C(=O)O)cn3)cc12,5.4,1
79,80,N#Cc1cn(-c2ccc(C(=O)O)cc2)cc1-c1csc2ccccc12,5.4,1
80,81,N#Cc1ccc(-c2cn(-c3ccc(C(=O)O)cc3)cc2C#N)cc1,5.4,1
81,82,N#Cc1cn(-c2ccc(C(=O)O)c(O)c2)c2cc(Cl)ccc12,5.4,1
82,83,C=CCOc1ccc(-c2nc(C)c(C(=O)O)[se]2)cc1C#N,5.5,1
83,84,N#Cc1cn(-c2ccc(C(=O)O)c(O)c2)cc1-c1ccccc1O,5.5,1
84,85,N#Cc1cn(-c2ccc(C(=O)O)c(O)c2)c2ccc(O)cc12,5.5,1
85,86,COc1ccc(CCc2cn(-c3ccc(C(=O)O)c(O)c3)cc2C#N)cc1,5.6,1
86,87,N#Cc1cc(-n2cc(C(=O)O)cn2)ccc1N1CCCC1,5.7,1
87,88,N#Cc1cn(-c2ccc(C(=O)O)c(O)c2)cc1-c1cccc(O)c1,5.7,1
88,89,CC(C)CN(C)c1ccc(-n2cc(C(=O)O)cn2)cc1C#N,5.7,1
89,90,CCOc1ccc(-c2cn(-c3ccc(C(=O)O)c(O)c3)cc2C#N)cc1,5.8,1
90,91,N#Cc1cn(-c2ccc(C(=O)O)cc2)nc1OCc1ccccc1,5.8,1
91,92,N#Cc1cn(-c2ccc(C(=O)O)c(O)c2)cc1CCc1ccccc1,5.8,1
92,93,COCOc1cccc(-c2cn(-c3ccc(C(=O)O)cc3)cc2C#N)c1,5.8,1
93,94,N#Cc1cn(-c2ccc(C(=O)O)c(O)c2)cc1Cc1ccccc1,5.9,1
94,95,N#Cc1cn(-c2ccc(C(=O)O)cc2)cc1-c1cccc(OCCCCO)c1,5.9,1
95,96,COc1ccc2c(C#N)cn(-c3ccc(C(=O)O)c(O)c3)c2c1,6.0,1
96,97,N#Cc1cn(-c2ccc(C(=O)O)c(O)c2)c2cc(OCCO)ccc12,6.0,1
97,98,COCCOc1cccc(-c2cn(-c3ccc(C(=O)O)cc3)cc2C#N)c1,6.0,1
98,99,N#Cc1cccc2c1c(C#N)cn2-c1ccc(C(=O)O)c(O)c1,6.0,1
99,100,N#Cc1cn(C2CC2)c2ccc(-n3cc(C(=O)O)cn3)cc12,6.0,1
100,101,N#Cc1cn(-c2ccc(C(=O)O)cc2)cc1-c1ccccc1OCCCO,6.0,1
101,102,Cc1cn(-c2ccc(C(=O)O)c(O)c2)cc1C#N,6.1,1
102,103,COc1ccc(-c2cn(-c3ccc(C(=O)O)c(O)c3)cc2C#N)c(F)c1,6.2,1
103,104,COCCOc1ccc2c(c1)c(C#N)cn2-c1ccc(C(=O)O)c(O)c1,6.2,1
104,105,N#Cc1cn(-c2ccc(C(=O)O)c(O)c2)cc1-c1ccccc1,6.2,1
105,106,CC(CF)n1cc(C#N)c2cc(-c3cc(C(=O)O)ccn3)ccc21,6.2,1
106,107,CC(C)n1cc(C#N)c2cc(-c3cc(C(=O)O)ccn3)ccc21,6.2,1
107,108,Cc1nc(-c2ccc(OCC(C)C)c(C#N)c2)n(O)c1C(=O)O,6.31,1
108,109,N#Cc1cn(-c2ccc(C(=O)O)c(O)c2)cc1-c1csc2ccccc12,6.4,1
109,110,CSc1ccccc1-c1cn(-c2ccc(C(=O)O)c(O)c2)cc1C#N,6.4,1
110,111,N#Cc1cn(-c2ccc(C(=O)O)c(O)c2)cc1-c1cccc2c1OCO2,6.5,1
111,112,N#Cc1cn(-c2ccc(C(=O)O)c(O)c2)c2cc(F)c(F)cc12,6.5,1
112,113,COc1ccccc1-c1cn(-c2ccc(C(=O)O)c(O)c2)cc1C#N,6.5,1
113,114,CC(=O)NCCCOc1ccc2c(C#N)cn(-c3ccc(C(=O)O)c(O)c3)c2c1,6.5,1
114,115,N#Cc1cn(-c2ccc(C(=O)O)cc2F)cc1-c1ccccc1,6.6,1
115,116,CCOC(=O)c1cn(-c2ccc(C(=O)O)c(O)c2)cc1C(F)(F)F,6.6,1
116,117,CCOCCOc1cccc(-c2cn(-c3ccc(C(=O)O)cc3)cc2C#N)c1,6.7,1
117,118,CCC(C)n1cc(C#N)c2cc(-n3cc(C(=O)O)cn3)ccc21,6.7,1
118,119,COc1ccc2c(c1)c(C#N)cn2-c1ccc(C(=O)O)c(O)c1,6.7,1
119,120,CC1CCCN1c1ccc(-n2cc(C(=O)O)cn2)cc1C#N,6.7,1
120,121,c1ccc(-c2cc(-c3n[nH]c(-c4ccncc4)n3)ccn2)cc1,6.8,1
121,122,Cc1ccc(-c2cn(-c3ccc(C(=O)O)c(O)c3)cc2C#N)cc1,6.8,1
122,123,N#Cc1cn(-c2ccc(C(=O)O)cc2)cc1-c1cccc2c1OC(F)(F)O2,6.9,1
123,124,N#Cc1cn(C2CCC2)c2ccc(-n3cc(C(=O)O)cn3)cc12,6.9,1
124,125,Cc1ccsc1-c1cn(-c2ccc(C(=O)O)c(O)c2)cc1C#N,6.9,1
125,126,N#Cc1cn(-c2ccc(C(=O)O)cc2)cc1C(=O)N1CCCCC1,7.0,1
126,127,N#Cc1cn(-c2ccc(C(=O)O)c(O)c2)c2ccc(OCCO)cc12,7.0,1
127,128,N#Cc1cc(-c2cc(O)nc(N)n2)ccc1OCc1ccc(F)cc1,7.0,1
128,129,CC(=O)NCCOc1ccc2c(C#N)cn(-c3ccc(C(=O)O)c(O)c3)c2c1,7.0,1
129,130,CC(C)COc1ccc(-n2cc(C(=O)O)cn2)cc1C#N,7.1,1
130,131,N#Cc1cn(-c2ccc(C(=O)O)c(O)c2)c2cccc(O)c12,7.1,1
131,132,CC(=O)Nc1nn(-c2ccc(C(=O)O)cc2)cc1C#N,7.1,1
132,133,N#Cc1cn(-c2ccc(C(=O)O)cc2)cc1-c1cccc2ccccc12,7.1,1
133,134,CCc1c(-c2ccccc2)c(C#N)cn1-c1ccc(C(=O)O)c(O)c1,7.1,1
134,135,N#Cc1cn(-c2ccc(C(=O)O)c(O)c2)c2cc(OCCCCO)ccc12,7.1,1
135,136,N#Cc1cn(-c2ccc(C(=O)O)cc2)cc1/C=C/c1ccccc1,7.1,1
136,137,N#Cc1cn(-c2ccc(C(=O)O)cc2)cc1OCc1ccccc1,7.1,1
137,138,COCCNC(=O)c1cn(-c2ccc(C(=O)O)cc2)cc1C#N,7.2,1
138,139,N#Cc1ccc2c(c1)c(C#N)cn2-c1ccc(C(=O)O)c(O)c1,7.2,1
139,140,N#Cc1cn(-c2ccc(C(=O)O)c(O)c2)c2cc(OCC3CC3)ccc12,7.2,1
140,141,CC(=O)c1ccc(-c2ccc3c(c2)c(C#N)cn3-c2ccc(C(=O)O)cc2)cc1,7.2,1
141,142,N#Cc1cn(-c2ccc(C(=O)O)c(O)c2)c2ccc(OCC(=O)O)cc12,7.2,1
142,143,Cc1c(F)cccc1-c1cn(-c2ccc(C(=O)O)c(O)c2)cc1C#N,7.2,1
143,144,CNC(=O)c1cn(-c2ccc(C(=O)O)cc2)cc1C#N,7.2,1
144,145,N#Cc1cn(-c2ccc(C(=O)O)c(O)c2)cc1-c1cccc(F)c1,7.3,1
145,146,N#Cc1cn(-c2ccc(C(=O)O)c(O)c2)cc1-c1ccc2c(c1)OCCO2,7.3,1
146,147,N#Cc1ccc2c(C#N)cn(-c3ccc(C(=O)O)c(O)c3)c2c1,7.3,1
147,148,N#Cc1cn(-c2ccc(C(=O)O)c(O)c2)c2cc(OCC(=O)O)ccc12,7.4,1
148,149,N#Cc1cn(-c2ccc(C(=O)O)cc2)nc1-c1csc2ccccc12,7.5,1
149,150,CCOc1ccc2c(C#N)cn(-c3ccc(C(=O)O)c(O)c3)c2c1,7.5,1
150,151,N#Cc1cn(-c2ccc(C(=O)O)c(O)c2)c2cc(OCCCO)ccc12,7.5,1
151,152,N#Cc1cn(-c2ccc(C(=O)O)c(O)c2)cc1-c1ccccc1Cl,7.5,1
152,153,Cc1ccccc1-c1cn(-c2ccc(C(=O)O)c(O)c2)cc1C#N,7.5,1
153,154,CS(=O)(=O)Nc1ccc(-c2ccc3c(c2)c(C#N)cn3-c2ccc(C(=O)O)cc2)cc1,7.5,1
154,155,COc1ccc(-c2cn(-c3ccc(C(=O)O)c(O)c3)cc2C#N)c(C)c1,7.7,1
155,156,CC(C)CNc1ccc(-n2cc(C(=O)O)cn2)cc1C#N,7.7,1
156,157,N#Cc1cn(-c2ccc(C(=O)O)c(O)c2)cc1-c1cccs1,7.8,1
157,158,Clc1cc(-c2n[nH]c(-c3ccncc3)n2)ccn1,7.9,1
158,159,N#Cc1cn(-c2ccc(C(=O)O)c(O)c2)cc1C(F)(F)F,7.9,1
159,160,N#Cc1cn(-c2ccc(C(=O)O)c(O)c2)cc1C(=O)O,7.9,1
160,161,CCOc1ccccc1-c1cn(-c2ccc(C(=O)O)c(O)c2)cc1C#N,7.9,1
161,162,N#Cc1cn(-c2ccc(C(=O)O)cc2)c2ccc(OCCCO)cc12,8.0,1
162,163,N#Cc1cn(-c2ccc(C(=O)O)cc2)c2ccc(-c3ccc(O)c(Cl)c3)cc12,8.0,1
163,164,N#Cc1cn(-c2ccc(C(=O)O)c(O)c2)cc1-c1ccccc1F,8.1,1
164,165,N#Cc1cn(-c2ccc(C(=O)O)c(O)c2)c2cc3c(cc12)OCO3,8.3,1
165,166,CCOCCOc1ccc2c(C#N)cn(-c3ccc(C(=O)O)c(O)c3)c2c1,8.3,1
166,167,CS(=O)(=O)NCCOc1ccc2c(C#N)cn(-c3ccc(C(=O)O)c(O)c3)c2c1,8.3,1
167,168,COc1cccc(-c2cn(-c3ccc(C(=O)O)c(O)c3)cc2C#N)c1,8.4,1
168,169,COCCn1cc(C#N)c2cc(-c3cc(C(=O)O)ccn3)ccc21,8.5,1
169,170,N#Cc1cn(-c2ccc(C(=O)O)cc2)cc1Cc1ccccc1,8.6,1
170,171,N#Cc1ccn(-c2ccc(C(=O)O)c(O)c2)c1,8.8,1
171,172,CCCCCCCc1cn(-c2ccc(C(=O)O)cc2)cc1C#N,8.9,1
172,173,CCCCCCc1cn(-c2ccc(C(=O)O)cc2)cc1C#N,8.9,1
173,174,N#Cc1cc(-c2cc(O)nc(N)n2)ccc1OCc1ccccc1C(F)(F)F,9.0,1
174,175,N#Cc1cc(-c2cc(O)nc(N)n2)ccc1OCC1CCC(C(=O)O)CC1,9.0,1
175,176,COc1ccc(-c2cn(-c3ccc(C(=O)O)c(O)c3)cc2C#N)cc1,9.0,1
176,177,Cc1c(CC(C)C)c(C#N)cn1-c1ccc(C(=O)O)cc1,9.0,1
177,178,Cc1cc2c(C#N)cn(-c3ccc(C(=O)O)cc3)c2cc1Cl,9.0,1
178,179,N#Cc1cn(-c2ccc(C(=O)O)c(O)c2)c2ccc(Cl)cc12,9.0,1
179,180,COC(=O)c1ccc(COc2ccc(-c3cc(O)nc(N)n3)cc2C#N)cc1,9.0,1
180,181,Cc1nc(-c2ccc(OCC(C)C)c(C#N)c2)[se]c1C(=O)O,9.1,1
181,182,COc1ccc(F)c(-c2cn(-c3ccc(C(=O)O)c(O)c3)cc2C#N)c1,9.3,1
182,183,N#Cc1cn(-c2ccc(C(=O)O)c(O)c2)cc1-c1ccccc1-c1ccccc1,9.3,1
183,184,N#Cc1nn(-c2ccc(C(=O)O)cc2)cc1-c1ccc2c(c1)OCO2,9.4,1
184,185,CCCOc1ccc2c(C#N)cn(-c3ccc(C(=O)O)c(O)c3)c2c1,9.4,1
185,186,N#Cc1cn(-c2ccc(C(=O)O)cc2)c2ccc(-c3cccs3)cc12,9.5,1
186,187,N#Cc1cn(-c2cc(C(=O)O)ccn2)cc1-c1ccc2c(c1)OCCO2,9.7,1
187,188,CC(C)Oc1ccc2c(C#N)cn(-c3ccc(C(=O)O)c(O)c3)c2c1,9.7,1
188,189,CS(=O)(=O)NCCCOc1ccc2c(C#N)cn(-c3ccc(C(=O)O)c(O)c3)c2c1,9.8,1
189,190,N#Cc1cn(-c2ccc(C(=O)O)c(O)c2)cc1-c1ccccc1C(F)(F)F,9.9,1
190,191,Brc1cc(-c2n[nH]c(-c3ccncc3)n2)ccn1,9.9,1
191,192,N#Cc1cc(-c2ccnc(N)n2)ccc1OCC1CCC(C(=O)O)CC1,10.0,1
192,193,COC(=O)C1CCC(COc2ccc(-c3ccnc(N)n3)cc2C#N)CC1,10.0,1
193,194,[C-]#[N+]c1cn(-c2ccc(C(=O)O)c(O)c2)c2cscc12,10.0,1
194,195,COc1c(C)cc2c(c(C#N)cn2-c2ccc(C(=O)O)cc2)c1C,10.0,1
195,196,CN(C)CCCOc1ccc2c(C#N)cn(-c3ccc(C(=O)O)c(O)c3)c2c1,10.0,1
196,197,N#Cc1cn(C2CCOC2)c2ccc(-c3cc(C(=O)O)ccn3)cc12,10.0,1
197,198,CCCOc1cccc(-c2cn(-c3ccc(C(=O)O)c(O)c3)cc2C#N)c1,10.0,1
198,199,N#Cc1cc(-c2cc(O)nc(N)n2)ccc1OCC1CCCCC1,10.0,1
199,200,Cc1cc2c(C#N)cn(-c3ccc(C(=O)O)c(O)c3)c2cc1F,10.0,1
200,201,CC(C)Oc1cc2c(C#N)cn(-c3ccc(C(=O)O)cc3)c2cc1F,10.0,1
201,202,[C-]#[N+]c1cn(-c2ccc(C(=O)O)c(O)c2)c2ccsc12,10.0,1
202,203,CCC(CC)COc1ccc(-c2cc(O)nc(N)n2)cc1C#N,10.0,1
203,204,N#Cc1cn(-c2ccc(C(=O)O)cc2)cc1-c1cccn1-c1ccccc1,10.1,1
204,205,N#Cc1cn(-c2ccc(C(=O)O)c(O)c2)cc1-c1cc(F)ccc1F,10.1,1
205,206,Cc1cccc(C)c1-c1cn(-c2ccc(C(=O)O)c(O)c2)cc1C#N,10.1,1
206,207,COc1ccc(-c2cn(-c3ccc(C(=O)O)c(O)c3)cc2C#N)c(OC)c1,10.4,1
207,208,N#Cc1cn(-c2ccc(C(=O)O)c(O)c2)cc1/C=C/c1ccccc1,10.4,1
208,209,CCC(C)Oc1ccc(-c2nc(C)c(C(=O)O)[se]2)cc1C#N,10.4,1
209,210,N#Cc1cn(-c2ccc(C(=O)O)c(O)c2)c2cc(OCCCN)ccc12,10.4,1
210,211,COCCOc1ccc2c(C#N)cn(-c3ccc(C(=O)O)c(O)c3)c2c1,10.5,1
211,212,N#Cc1cn(-c2ccc(C(=O)O)c(O)c2)cc1-c1ccc(F)cc1,10.6,1
212,213,N#Cc1cn(-c2ccc(C(=O)O)cc2)cc1C(=O)c1ccccc1,10.7,1
213,214,CN(C)c1ccc(-n2cc(C(=O)O)cn2)cc1C#N,10.8,1
214,215,N#Cc1cn(-c2ccc(C(=O)O)c(O)c2)cc1-c1ccc2c(c1)OCO2,10.9,1
215,216,CS(=O)(=O)c1ccc(-c2ccc3c(c2)c(C#N)cn3-c2ccc(C(=O)O)cc2)cc1,10.9,1
216,217,N#Cc1cn(-c2ccc(C(=O)O)cc2)c2ccc(OCCO)cc12,10.9,1
217,218,N#Cc1cc(-c2cc(O)nc(N)n2)ccc1OCc1ccc(F)cc1C(F)(F)F,11.0,1
218,219,CC(C)n1cc([N+](=O)[O-])c2cc(-c3cc(C(=O)O)ccn3)ccc21,11.0,1
219,220,CC(C)Oc1ccc2c(c1)c(C#N)cn2-c1ccc(C(=O)O)c(O)c1,11.0,1
220,221,CCOc1ccc2c(c1)c(C#N)cn2-c1ccc(C(=O)O)c(O)c1,11.0,1
221,222,COc1cn(-c2ccc(C(=O)O)cc2)cc1C#N,11.1,1
222,223,COCCOc1ccccc1-c1cn(-c2ccc(C(=O)O)cc2)cc1C#N,11.1,1
223,224,COc1ccccc1CCc1cn(-c2ccc(C(=O)O)c(O)c2)cc1C#N,11.2,1
224,225,N#Cc1cn(-c2ccc(C(=O)O)cc2)c2ccc(C(=O)NCc3ccccc3)cc12,11.3,1
225,226,N#Cc1cn(-c2ccc(C(=O)O)c(O)c2)cc1-c1ccc(F)cc1F,11.6,1
226,227,Cc1nn(-c2ccc3c(c2)c(C#N)cn3C(C)C)cc1C(=O)O,11.6,1
227,228,COc1cccc(-c2ccc3c(c2)c(C#N)cn3-c2ccc(C(=O)O)cc2)c1,11.9,1
228,229,N#Cc1cn(-c2ccc(C(=O)O)cc2)cc1COCc1ccccc1,11.9,1
229,230,COCCn1cc(C#N)c2cc(-n3cc(C(=O)O)c(C)n3)ccc21,12.0,1
230,231,N#Cc1cn(-c2ccc(C(=O)O)c(O)c2)c2c(F)cccc12,12.0,1
231,232,Cc1cc2c(C#N)cn(-c3ccc(C(=O)O)cc3)c2cc1F,12.0,1
232,233,N#Cc1cn(-c2ccc(C(=O)O)cc2)c2ccc(/C=C/C(=O)O)cc12,12.1,1
233,234,COCCOc1ccc2c(c1)c(C#N)cn2-c1ccc(C(=O)O)cc1,12.2,1
234,235,COCCOc1ccc(-c2cn(-c3ccc(C(=O)O)c(O)c3)cc2C#N)cc1,12.2,1
235,236,N#Cc1cn(-c2ccc(C(=O)O)c(O)c2)c2cc(OCCN)ccc12,12.5,1
236,237,CC(C)c1ccc2c(C#N)cn(-c3ccc(C(=O)O)c(O)c3)c2c1,12.6,1
237,238,CS(=O)(=O)c1ccc(COc2ccc3c(c2)c(C#N)cn3-c2ccc(C(=O)O)cc2)cc1,12.9,1
238,239,CC(C)C(C)Oc1ccc(-c2cc(O)nc(N)n2)cc1C#N,13.0,1
239,240,COCCN(C)C(=O)c1cn(-c2ccc(C(=O)O)cc2)cc1C#N,13.0,1
240,241,[C-]#[N+]c1cn(-c2ccc(C(=O)O)c(O)c2)c2cc(C)sc12,13.0,1
241,242,CC(C)n1cc(C#N)c2cc(-n3cnc(C(=O)O)n3)ccc21,13.0,1
242,243,Cc1cc2c(C#N)cn(-c3ccc(C(=O)O)cn3)c2cc1F,13.0,1
243,244,[C-]#[N+]c1cn(-c2ccc(C(=O)O)c(O)c2)c2sccc12,13.0,1
244,245,N#Cc1cn(-c2ccc(C(=O)O)c(O)c2)cc1-c1cccc2ccccc12,13.1,1
245,246,CCCCOc1ccc(-c2nc(C)c(C(=O)O)[se]2)cc1C#N,13.2,1
246,247,COc1ccc(-c2cn(-c3cc(C(=O)O)ccn3)cc2C#N)cc1,13.3,1
247,248,Cc1nc(-c2ccc(OCC3CC3)c(C#N)c2)[se]c1C(=O)O,13.3,1
248,249,COc1ccc(-c2cn(-c3ccc(C(=O)O)c(O)c3)cc2C#N)cc1F,13.3,1
249,250,Cc1nn(-c2ccc(N3CCCCC3)c(C#N)c2)cc1C(=O)O,13.3,1
250,251,CCOc1cccc(-c2cn(-c3ccc(C(=O)O)c(O)c3)cc2C#N)c1,13.5,1
251,252,CSc1ccc(-c2cn(-c3ccc(C(=O)O)c(O)c3)cc2C#N)cc1,13.7,1
252,253,N#Cc1cn(-c2ccc(C(=O)O)cc2)cc1-c1ccccc1OCc1ccsc1,13.7,1
253,254,COCCOc1ccccc1-c1cn(-c2ccc(C(=O)O)c(O)c2)cc1C#N,13.9,1
254,255,Cc1ccc2c(c1)c(C#N)cn2-c1ccc(C(=O)O)c(O)c1,13.9,1
255,256,[C-]#[N+]c1cn(-c2ccc(C(=O)O)c(O)c2)c2sc(Br)cc12,14.0,1
256,257,COc1cc2c(C#N)cn(-c3ccc(C(=O)O)cc3)c2cc1Cl,14.0,1
257,258,COc1ccccc1-c1ccc2c(c1)c(C#N)cn2-c1ccc(C(=O)O)cc1,14.1,1
258,259,CN(C)CCOc1ccc2c(C#N)cn(-c3ccc(C(=O)O)c(O)c3)c2c1,14.2,1
259,260,N#Cc1cn(-c2ccc(C(=O)O)cc2)c2ccc(-c3ccncc3)cc12,14.4,1
260,261,N#Cc1cn(-c2ccc(C(=O)O)c(O)c2)c2cc(C(F)(F)F)ccc12,14.5,1
261,262,N#Cc1cn(-c2ccc(C(=O)O)c(O)c2)cc1-c1ccc(Cl)cc1,14.6,1
262,263,N#Cc1cn(-c2ccc(C(=O)O)cc2)c2ccc(OCc3cccs3)cc12,14.6,1
263,264,Cc1ccc(-c2cn(-c3ccc(C(=O)O)c(O)c3)cc2C#N)c(C)c1,14.6,1
264,265,O=C(O)c1ccc(-n2ccc([N+](=O)[O-])c2)cc1O,14.7,1
265,266,CCCc1c(C#N)cn(-c2ccc(C(=O)O)cc2)c1C,15.0,1
266,267,CCCCOc1ccc(-n2cc(C(=O)O)cn2)cc1C#N,15.0,1
267,268,COC(=O)C(C)(C)COc1ccc(-c2cc(O)nc(N)n2)cc1C#N,15.0,1
268,269,N#Cc1cn(-c2ccc(C(=O)O)c(O)c2)cc1-c1cc(F)cc(F)c1,15.1,1
269,270,N#Cc1cn(-c2ccc(C(=O)O)c(O)c2)cc1-c1cccn1-c1ccccc1,15.1,1
270,271,N#Cc1cn(-c2ccc(C(=O)O)cc2)cc1-c1cccn1Cc1ccccc1,15.2,1
271,272,COc1ccc(-c2ccc3c(c2)c(C#N)cn3-c2ccc(C(=O)O)cc2)cc1,15.5,1
272,273,Cc1cccc(-c2cn(-c3ccc(C(=O)O)c(O)c3)cc2C#N)c1,15.6,1
273,274,Cc1nc(-c2ccc(OC(C)C)c(C#N)c2)[se]c1C(=O)O,15.7,1
274,275,N#Cc1cn(-c2ccc(C(=O)O)cc2)c2ccc(O)cc12,15.8,1
275,276,COc1ccccc1/C=C/c1cn(-c2ccc(C(=O)O)c(O)c2)cc1C#N,15.9,1
276,277,COc1cc2c(C#N)cn(-c3ccc(C(=O)O)cc3)c2cc1F,16.0,1
277,278,C=CCOc1ccc(-c2nc(C)c(C(=O)O)[se]2)cc1[N+](=O)[O-],16.1,1
278,279,CCCOc1ccc(-c2nc(C)c(C(=O)O)[se]2)cc1C#N,16.2,1
279,280,CS(=O)(=O)Nc1ccc2c(c1)c(C#N)cn2-c1ccc(C(=O)O)cc1,16.3,1
280,281,Cc1ccc2c(c1)c(C#N)cn2-c1nc(C)c(C(=O)O)s1,16.4,1
281,282,CN(C)CCCOc1ccc2c(c1)c(C#N)cn2-c1ccc(C(=O)O)cc1,16.4,1
282,283,COCCNC(=O)c1ccc2c(c1)c(C#N)cn2-c1ccc(C(=O)O)cc1,16.5,1
283,284,CC(C)Oc1ccc(-c2cn(-c3ccc(C(=O)O)c(O)c3)cc2C#N)cc1,16.8,1
284,285,CCOCCOc1ccccc1-c1cn(-c2ccc(C(=O)O)cc2)cc1C#N,16.8,1
285,286,N#Cc1cc(-c2cc(O)nc(N)n2)ccc1OCc1ccccc1,17.0,1
286,287,COc1ccc(-c2n[nH]c(-c3ccnc(C)c3)n2)cc1[N+](=O)[O-],17.0,1
287,288,N#Cc1cn(-c2ccc(C(=O)O)c(O)c2)cc1-c1ccc(C(F)(F)F)cc1,17.0,1
288,289,COCc1cc2cc(-n3cc(C(=O)O)cn3)cc(C#N)c2[nH]1,17.0,1
289,290,CCCCc1c(C#N)cn(-c2ccc(C(=O)O)cc2)c1C,17.1,1
290,291,N#Cc1cn(-c2ccc(C(=O)O)cc2)c2ccc(OCCCN)cc12,17.2,1
291,292,Cc1ccc(-c2cn(-c3ccc(C(=O)O)c(O)c3)cc2C#N)s1,17.5,1
292,293,N#Cc1cn(-c2ccc(C(=O)O)cc2)cc1-c1cccc(OCc2ccsc2)c1,17.6,1
293,294,N#Cc1cc(-c2n[nH]c(-c3ccnc(C#N)c3)n2)ccn1,18.0,1
294,295,N#Cc1cc(-c2cc(O)nc(N)n2)ccc1OCC1CCC1,18.0,1
295,296,C=C(C)COc1ccc(-c2ncc(C(=O)O)c(=N)[nH]2)cc1C#N,18.1,1
296,297,N#Cc1cn(-c2ccc(C(=O)O)cc2)c2ccc(OCc3ccsc3)cc12,18.3,1
297,298,O=C(O)c1ccc(-n2cc(C(=O)O)c(C(F)(F)F)c2)cc1O,18.9,1
298,299,COC(=O)C1CCC(COc2ccc(-c3cc(O)nc(N)n3)cc2C#N)CC1,19.0,1
299,300,N#Cc1cn(-c2ccc(C(=O)O)cc2)c2ccc(OCCOc3ccccc3)cc12,19.0,1
300,301,CC(C)(C)c1ccc(COc2ccc(-c3cc(O)nc(N)n3)cc2C#N)cc1,19.0,1
301,302,N#Cc1cn(-c2ccc(C(=O)O)cc2)cc1-c1ccccc1OCCCCO,19.2,1
302,303,CN(C)C(=O)c1cn(-c2ccc(C(=O)O)cc2)cc1C#N,19.7,1
303,304,N#Cc1cccc(-c2cn(-c3ccc(C(=O)O)c(O)c3)cc2C#N)c1,19.9,1
304,305,N#Cc1cn(-c2cc(C(=O)O)ccn2)cc1C1=CCCCC1,19.9,1
305,306,Cc1nc(-c2ccc(OCC(C)C)c(C#N)c2)sc1C(=O)O,20.0,1
306,307,N#Cc1cn(-c2ccc(C(=O)O)cc2)c2ccc(OCC(=O)O)cc12,20.0,1
307,308,N#Cc1nc(-c2ccncc2)[nH]c1C#N,20.0,1
308,309,N#Cc1cn(-c2ccc(C(=O)O)cc2)c2ccc(-c3ccccc3)cc12,20.6,1
309,310,N#Cc1cn(-c2ccc(C(=O)O)cc2)cc1-c1cccc(OCCOc2ccccc2)c1,20.9,1
310,311,CCCCCCCCOc1ccc(-n2cc(C(=O)O)cn2)cc1C#N,21.0,1
311,312,Cc1ccc(-c2cn(-c3cc(C(=O)O)ccn3)cc2C#N)cc1,21.3,1
312,313,N#Cc1cn(-c2ccc(C(=O)O)cc2)c2ccc(OCCOCc3ccccc3)cc12,22.2,1
313,314,N#Cc1cn(-c2ccc(C(=O)O)cc2)c2ccc(OCc3ccccc3)cc12,22.4,1
314,315,N#Cc1cn(-c2ccc(C(=O)O)c(O)c2)cc1-c1cc2ccccc2s1,22.6,1
315,316,N#Cc1cn(-c2cc(C(=O)O)ccn2)cc1-c1ccccc1Cl,22.7,1
316,317,Cc1nn(-c2ccc(OCC(C)(C)C)c(C#N)c2)cc1C(=O)O,23.0,1
317,318,Cn1cc(-c2cn(-c3ccc(C(=O)O)cc3)cc2C#N)c2ccccc21,23.0,1
318,319,Cc1ccc(-c2cn(-c3ccc(C(=O)O)c(O)c3)cc2C#N)cc1F,23.4,1
319,320,CC(C)n1cc(C#N)c2cc(-n3cnc(C(=O)O)c3)ccc21,24.0,1
320,321,N#Cc1cc(-n2cc(C(=O)O)cn2)cc2cc(-c3ccccc3)[nH]c12,24.0,1
321,322,CC(C)COc1ccc(-c2n[nH]c(-c3ccncc3)n2)cn1,24.0,1
322,323,CC(C)CCOc1ccc(-c2ncc(C(=O)O)c(=N)[nH]2)cc1C#N,24.0,1
323,324,N#Cc1cn(-c2ccc(C(=O)O)c(O)c2)cc1-c1cccc(F)c1F,24.2,1
324,325,CCOCCOc1ccc2c(c1)c(C#N)cn2-c1ccc(C(=O)O)cc1,24.4,1
325,326,Cc1ccc2c(c1)c(C#N)cn2-c1ccc(C(=O)O)cn1,24.4,1
326,327,CCOc1ccc(-c2nc(C)c(C(=O)O)[se]2)cc1C#N,24.8,1
327,328,CC(C)CCOc1ccc(-c2ncc(C(=O)O)c(=O)[nH]2)cc1C#N,25.0,1
328,329,Oc1cc(O)n2ncc(-c3cccc4ccccc34)c2n1,25.0,1
329,330,Cc1cccc(-c2cnn3c(O)cc(O)nc23)c1,25.0,1
330,331,COc1cccc(-c2cn(-c3cc(C(=O)O)ccn3)cc2C#N)c1,25.0,1
331,332,N#Cc1cn(-c2ccc(C(=O)O)cc2)cc1-c1ccc2ccccc2c1,25.6,1
332,333,Cc1cccc(-c2cn(-c3cc(C(=O)O)ccn3)cc2C#N)c1,25.6,1
333,334,COCCOc1cccc(-c2cn(-c3ccc(C(=O)O)c(O)c3)cc2C#N)c1,25.7,1
334,335,N#Cc1cn(-c2ccc(C(=O)O)cc2)cc1C(=O)N1CCOCC1,26.9,1
335,336,N#Cc1cc(-c2ncc(C(=O)O)c(=N)[nH]2)ccc1OCc1ccc(Br)cc1,27.1,1
336,337,COc1ccc2ccccc2c1-c1cn(-c2ccc(C(=O)O)c(O)c2)cc1C#N,27.5,1
337,338,N#Cc1cn(-c2ccc(C(=O)O)c(O)c2)cc1-c1cc2ccccc2o1,27.6,1
338,339,CC(C)COc1ccc2c(c1)c(C#N)cn2-c1ccc(C(=O)O)c(O)c1,27.6,1
339,340,N#Cc1cn(-c2ccc(C(=O)O)cc2)cc1-c1ccccc1OCc1cccs1,27.7,1
340,341,Cc1cc(-c2nc(-c3ccncc3)n[nH]2)ccn1,28.0,1
341,342,COc1ccc(/C=C/c2cn(-c3ccc(C(=O)O)c(O)c3)cc2C#N)cc1,28.8,1
342,343,O=C(O)c1cnc(-c2ccc(OCc3cccc(Cl)c3)c(-n3ccnn3)c2)[nH]c1=O,28.8,1
343,344,Oc1cc(O)n2ncc(-c3ccc4c(c3)OCO4)c2n1,29.0,1
344,345,CC(C)(C)OC(=O)NCCCOc1ccc2c(c1)c(C#N)cn2-c1ccc(C(=O)O)cc1,29.0,1
345,346,N#Cc1cn(-c2ccc(C(=O)O)c(O)c2)c2cc(OCc3cccc(Cl)c3)ccc12,29.1,1
346,347,Cc1nc(-c2ccc(OCCC(C)C)c(C#N)c2)[se]c1C(=O)O,29.2,1
347,348,COc1ccccc1-c1cn(-c2cc(C(=O)O)ccn2)cc1C#N,29.3,1
348,349,N#Cc1cc(-c2ncc(C(=O)O)c(=O)[nH]2)ccc1OCc1ccc(Br)cc1,29.8,1
349,350,Cc1nc(-c2ccc(OCCC(C)C)c(C#N)c2)n(O)c1C(=O)O,30.0,1
350,351,Cc1cc(-c2nc(-c3ccc(Cl)c([N+](=O)[O-])c3)n[nH]2)ccn1,30.0,1
351,352,COc1ccc(-c2nc(C)c(C(=O)O)[se]2)cc1C#N,30.6,1
352,353,N#Cc1cccc(COc2ccc(NC(=O)c3ccncc3)cc2-n2cnnn2)c1,31.0,1
353,354,CCCCCCOc1ccc(-c2nc(C)c(C(=O)O)n2O)cc1C#N,31.62,1
354,355,N#Cc1cn(-c2ccc(C(=O)O)cc2)cc1-c1ccccc1-c1ccccc1,31.9,1
355,356,N#Cc1cn(-c2ccc(C(=O)O)cc2)cc1-c1cccc(Oc2ccccc2)c1,32.2,1
356,357,Oc1cc(O)n2ncc(-c3ccc(Br)cc3)c2n1,33.0,1
357,358,CC(C)COc1ccc(-n2cc(C(=O)O)cn2)cc1[N+](=O)[O-],33.0,1
358,359,N#Cc1cn(-c2cc(C(=O)O)ccn2)cc1-c1ccc(Cl)cc1,33.1,1
359,360,CC(C)n1cc(-c2cn(-c3ccc(C(=O)O)cc3)cc2C#N)c2ccccc21,33.2,1
360,361,N#Cc1cn(-c2ccc(C(=O)O)cc2)cc1-c1ccccc1Oc1ccccc1,33.2,1
361,362,Cc1nc(-c2ccc(OCC(C)C)c([N+](=O)[O-])c2)sc1C(=O)O,33.4,1
362,363,C=C(C)COc1ccc(-c2ncc(C(=O)O)c(=O)[nH]2)cc1C#N,33.6,1
363,364,N#Cc1cn(-c2ccc(C(=O)O)c(O)c2)c2cc(OCc3ccccc3)ccc12,33.6,1
364,365,Cc1nc(-c2ccc(OCC(C)C)c([N+](=O)[O-])c2)[se]c1C(=O)O,33.7,1
365,366,N#Cc1cn(-c2ccc(C(=O)O)cc2)cc1-c1ccc(OCc2ccccc2)cc1,33.8,1
366,367,Cc1ccc(COc2ccc(-c3ncc(C(=O)O)c(=N)[nH]3)cc2C#N)cc1,33.9,1
367,368,Cc1ccc(COc2ccc(-c3ncc(C(=O)O)c(=O)[nH]3)cc2C#N)cc1,35.4,1
368,369,Cc1nc(-c2ccc(OCc3ccccc3)c(C#N)c2)[se]c1C(=O)O,35.4,1
369,370,CCCOc1ccc(-c2cn(-c3ccc(C(=O)O)c(O)c3)cc2C#N)cc1,35.9,1
370,371,CCCOc1ccccc1-c1cn(-c2ccc(C(=O)O)c(O)c2)cc1C#N,36.4,1
371,372,N#Cc1cn(-c2ccc(C(=O)O)cc2)cc1-c1ccccc1OCc1ccccc1F,37.5,1
372,373,Cc1cc2c(cc1OCc1ccccc1)c(C#N)cn2-c1ccc(C(=O)O)cc1,38.0,1
373,374,Oc1cc(O)n2ncc(-c3ccccc3)c2n1,38.0,1
374,375,N#Cc1ccc(-c2n[nH]c(-c3ccncc3)n2)cn1,38.0,1
375,376,N#Cc1cc(-c2ncc(C(=O)O)c(=O)[nH]2)ccc1OCc1ccc(F)cc1,38.2,1
376,377,N#Cc1cc(-c2ncc(C(=O)O)c(=O)[nH]2)ccc1OCc1ccccc1,38.7,1
377,378,CC(C)=CCOc1ccc(-c2ncc(C(=O)O)c(=O)[nH]2)cc1C#N,38.8,1
378,379,N#Cc1cc(-c2n[nH]c(-c3ccnc(Cl)c3)n2)ccn1,39.0,1
379,380,N#Cc1cn(-c2ccc(C(=O)O)c(O)c2)c2ccc(OCc3ccccc3)cc12,39.4,1
380,381,N#Cc1cn(-c2ccc(C(=O)O)cc2)cc1-c1ccccc1OCc1cccc(F)c1,39.8,1
381,382,N#Cc1cc(-n2cc(C(=O)O)cn2)cc2cc[nH]c12,40.0,1
382,383,COCCOc1ccc2c(C#N)cn(-c3ccc(C(=O)O)cc3)c2c1,40.2,1
383,384,Cc1nc(-c2ccc(OCc3ccccc3)c([N+](=O)[O-])c2)[se]c1C(=O)O,40.3,1
384,385,N#Cc1cn(-c2ccc(C(=O)O)c(O)c2)cc1-c1cccc(C(F)(F)F)c1,41.2,1
385,386,N#Cc1cn(-c2ccc(C(=O)O)cc2)cc1-c1cccc(OCc2cccs2)c1,41.4,1
386,387,N#Cc1cn(-c2ccc(C(=O)O)c(O)c2)c2cc(OCCNC(=O)OCc3ccccc3)ccc12,41.5,1
387,388,N#Cc1cn(-c2ccc(C(=O)O)cc2)cc1-c1ccc(-c2ccccc2)cc1,41.7,1
388,389,N#Cc1cn(-c2ccc(C(=O)O)c(O)c2)c2cc(OCCOc3ccccc3)ccc12,41.8,1
389,390,N#Cc1cn(-c2ccc(C(=O)O)c(O)c2)c2cc(OCc3ccc(Cl)cc3)ccc12,42.5,1
390,391,CC(C)COc1ccc(-n2cc(C(=O)O)cn2)cc1Br,43.0,1
391,392,Oc1cc(O)n2ncc(-c3cccnc3)c2n1,43.0,1
392,393,Oc1cc(O)n2ncc(-c3ccc(Cl)cc3)c2n1,43.0,1
393,394,N#Cc1cn(-c2ccc(C(=O)O)cc2)c2ccc(C(=O)O)cc12,43.3,1
394,395,C=CCOc1ccc(-c2ncc(C(=O)O)c(=O)[nH]2)cc1-n1ccnn1,43.7,1
395,396,Cc1cccc(COc2ccc(NC(=O)c3ccncc3)cc2-n2cnnn2)c1,44.0,1
396,397,O=C(O)c1cnc(-c2ccc(OCc3cccc(Br)c3)c(-n3ccnn3)c2)[nH]c1=O,45.0,1
397,398,Cc1nn(-c2ccc(OC(C)C)c(C#N)c2)cc1C(=O)O,45.0,1
398,399,COCOc1cc(-n2cc(C#N)c3ccccc32)ccc1C(=O)O,45.0,1
399,400,CCOC(=O)c1cn(-c2ccc(C(=O)O)cc2)cc1C(F)(F)F,45.4,1
400,401,CCCCCOc1ccc(-c2nc(C)c(C(=O)O)[se]2)cc1C#N,45.6,1
401,402,Cc1cc(-c2n[nH]c(-c3ccnc(SCC(C)C)c3)n2)ccn1,46.0,1
402,403,C=C(C)COc1ccc2c(c1)O/C(=C\c1ccc(C(=O)O)cc1)C2=O,46.0,1
403,404,O=C(O)c1cnc(-c2ccc(OCC3CC3)c(-n3ccnn3)c2)[nH]c1=O,46.1,1
404,405,N#Cc1cn(-c2ccc(C(=O)O)cc2)cc1-c1ccccc1OCCOc1ccccc1,47.0,1
405,406,O=C(O)c1cnc(-c2ccc(OCc3cccc(F)c3)c(-n3ccnn3)c2)[nH]c1=O,47.7,1
406,407,Fc1cc(-c2n[nH]c(-c3ccncc3)n2)ccn1,48.0,1
407,408,CN(C)C(=O)c1ccc2c(c1)c(C#N)cn2-c1ccc(C(=O)O)cc1,48.3,1
408,409,CC(C)COc1ccc(-c2nc(C(=O)O)cs2)cc1[N+](=O)[O-],48.6,1
409,410,N#Cc1cn(-c2ccc(C(=O)O)cc2)cc1-c1ccccc1OCc1ccc(F)cc1,49.1,1
410,411,N#Cc1cn(-c2ccc(C(=O)O)c(O)c2)cc1-c1cccc(Cl)c1,49.1,1
411,412,CCCCOc1ccc(-c2nc(C)c(C(=O)O)[se]2)cc1[N+](=O)[O-],49.2,1
412,413,N#Cc1cn(-c2ccc(C(=O)O)c(O)c2)c2cc(-c3ccccc3)ccc12,49.2,1
413,414,N#Cc1cn(-c2ccc(C(=O)O)c(O)c2)cc1-c1ccccc1Oc1ccccc1,49.4,1
414,415,N#Cc1cn(-c2ccc(C(=O)O)cc2)c2cc(OCCO)ccc12,49.7,1
415,416,CN(Cc1ccccc1)C(=O)c1ccc2c(c1)c(C#N)cn2-c1ccc(C(=O)O)cc1,49.8,1
416,417,N#Cc1cc(-c2ncc(C(=O)O)c(=O)[nH]2)ccc1OCc1ccc(Cl)cc1,49.9,1
417,418,COc1cccc(COc2ccc(NC(=O)c3ccncc3)cc2-n2cnnn2)c1,50.0,1
418,419,N#Cc1cc(-c2ccnc(N)n2)ccc1OCC1CCCCC1,50.0,1
419,420,C#CCOc1ccc(-c2ncc(C(=O)O)c(=O)[nH]2)cc1-n1ccnn1,50.0,1
420,421,COc1ccc(COc2ccc(-c3ncc(C(=O)O)c(=O)[nH]3)cc2-n2ccnn2)cc1,50.7,1
421,422,N#Cc1cn(-c2ccc(C(=O)O)c(O)c2)cc1-c1ccccc1OCc1ccccc1,51.5,1
422,423,COc1cccc(COc2ccc(-c3ncc(C(=O)O)c(=O)[nH]3)cc2-n2ccnn2)c1,51.6,1
423,424,N#Cc1cn(-c2cc(C(=O)O)ccn2)cc1-c1ccccc1,52.1,1
424,425,N#Cc1cn(-c2ccc(C(=O)O)cc2)cc1-c1ccc(Oc2ccccc2)cc1,52.2,1
425,426,N#Cc1cn(-c2ccc(C(=O)O)cc2)cc1-c1ccccc1OCc1ccccc1,52.4,1
426,427,N#Cc1cn(-c2ccc(C(=O)O)cc2)cc1-c1cccc(OCc2ccccc2)c1,52.9,1
427,428,Cc1ccccc1COc1ccc(NC(=O)c2ccncc2)cc1-n1cnnn1,53.0,1
428,429,O=C(O)c1cnc(-c2ccc(OCc3ccc(F)cc3)c(-n3ccnn3)c2)[nH]c1=O,53.1,1
429,430,C#CCOc1ccc(-c2nc(C)c(C(=O)O)[se]2)cc1C#N,53.8,1
430,431,CC(C)CCOc1ccc(-c2ncc(C(=O)O)c(=O)[nH]2)cc1-n1ccnn1,54.1,1
431,432,N#Cc1cn(-c2ccc(C(=O)O)cc2)cc1-c1ccccc1OCc1ccccc1Cl,54.4,1
432,433,N#Cc1cn(-c2ccc(C(=O)O)c(O)c2)c2ccc(-c3ccccc3)cc12,54.6,1
433,434,N#Cc1cn(-c2ccc(C(=O)O)cc2)cc1-c1cccc(-c2ccccc2)c1,55.1,1
434,435,O=C(O)c1cnc(-c2ccc(OCc3ccc(Br)cc3)c(-n3ccnn3)c2)[nH]c1=O,55.2,1
435,436,Cc1ccc(COc2ccccc2-c2cn(-c3ccc(C(=O)O)cc3)cc2C#N)cc1,56.8,1
436,437,C=C(C)COc1ccc(-c2ncc(C(=O)O)c(=O)[nH]2)cc1-n1ccnn1,56.9,1
437,438,N#Cc1cn(-c2ccc(C(=O)O)cc2)c2cccc(-c3ccccc3)c12,58.0,1
438,439,O=C(O)c1cnc(-c2ccc(OC3CCCC3)c(-n3ccnn3)c2)[nH]c1=O,58.5,1
439,440,Cc1nc(-n2cc(C#N)c3ccccc32)sc1C(=O)O,58.6,1
440,441,Cc1cc(-c2n[nH]c(-c3ccnc(C#N)c3)n2)ccn1,59.0,1
441,442,Cc1cc(-c2n[nH]c(-c3ccnc(-c4ccccc4)c3)n2)ccn1,59.0,1
442,443,N#Cc1cn(-c2ccc(C(=O)O)c(O)c2)cc1-c1ccc(COc2ccccc2)cc1,59.5,1
443,444,Cc1nn(-c2ccc(N3CCCCC3)c([N+](=O)[O-])c2)cc1C(=O)O,59.6,1
444,445,N#Cc1cc(-c2ccnc(N)n2)ccc1OCc1ccccc1C(F)(F)F,60.0,1
445,446,CC(C)COc1ccc(-c2cc(O)ncn2)cc1C#N,60.0,1
446,447,CC(C)COc1ccc(-c2ncc(C(=O)O)c(=O)[nH]2)cc1C#N,60.9,1
447,448,O=C(O)c1ccc(/C=C2\Oc3cc(OCc4ccccc4)ccc3C2=O)cc1,61.0,1
448,449,N#Cc1cn(-c2ccc(C(=O)O)c(O)c2)c2cccc(OCc3ccccc3)c12,61.8,1
449,450,Cc1ccc(C)c(COc2ccc3c(c2)O/C(=C\c2ccc(C(=O)O)cc2)C3=O)c1,62.0,1
450,451,Cc1cc(-c2n[nH]c(-c3ccnc(OCC(C)C)c3)n2)ccn1,63.0,1
451,452,N#Cc1cn(-c2ccc(C(=O)O)cc2)cc1-c1ccc(OCCCO)cc1,63.2,1
452,453,N#Cc1cn(-c2ccc(C(=O)O)cc2)cc1-c1cccc(OCc2ccccc2F)c1,63.4,1
453,454,O=C(O)c1cnc(-c2ccc(OCc3c(Cl)cccc3Cl)c(-n3ccnn3)c2)[nH]c1=O,63.9,1
454,455,CC(C)COc1ccc(-c2ncc(C(=O)O)c(=O)[nH]2)cc1-n1ccnn1,64.4,1
455,456,Cc1nc(-c2ccc(OCCC(C)C)c([N+](=O)[O-])c2)[se]c1C(=O)O,65.6,1
456,457,N#Cc1ccn(-c2ccc(C(=O)O)c(O)c2)n1,66.7,1
457,458,COc1ccc(COc2ccc(NC(=O)c3ccncc3)cc2-n2cnnn2)cc1,67.0,1
458,459,N#Cc1cn(-c2ccc(C(=O)O)c(O)c2)c2cc(OCc3ccccc3Cl)ccc12,67.1,1
459,460,COc1ccccc1COc1ccccc1-c1cn(-c2ccc(C(=O)O)cc2)cc1C#N,67.3,1
460,461,O=C(O)c1ccc(/C=C2\Oc3cc(O)ccc3C2=O)cc1,68.0,1
461,462,O=C(O)c1cnc(-c2ccc(OCC3CCCCC3)c(-n3ccnn3)c2)[nH]c1=O,68.3,1
462,463,O=C(O)c1ccc(/C=C2\Oc3cc(OCc4cccc5ccccc45)ccc3C2=O)cc1,69.0,1
463,464,O=C(O)c1cnc(-c2ccc(OCc3ccc(Cl)cc3)c(-n3ccnn3)c2)[nH]c1=O,69.1,1
464,465,CC(C)=CCOc1ccc(-c2ncc(C(=O)O)c(=O)[nH]2)cc1-n1ccnn1,69.2,1
465,466,Cc1cccc(COc2ccccc2-c2cn(-c3ccc(C(=O)O)cc3)cc2C#N)c1,70.0,1
466,467,N#Cc1cn(-c2ccc(C(=O)O)cc2)cc1-c1cccc(OCc2cccc(Cl)c2)c1,70.4,1
467,468,CCCCOc1ccc2c(C#N)cn(-c3ccc(C(=O)O)c(O)c3)c2c1,71.5,1
468,469,COc1cccc(COc2ccccc2-c2cn(-c3ccc(C(=O)O)cc3)cc2C#N)c1,71.9,1
469,470,N#Cc1cn(-c2ccc(C(=O)O)cn2)c2ccccc12,72.9,1
470,471,CC(C)Oc1ccc(-c2ncc(C(=O)O)c(=O)[nH]2)cc1-n1ccnn1,73.7,1
471,472,c1ccc(-c2nn3c(-c4cnccn4)nnc3s2)cc1,79.43,1
472,473,N#Cc1cc(-c2ccnc(N)n2)ccc1OCc1ccc(F)cc1C(F)(F)F,80.0,1
473,474,COc1ccc2c(c1)O/C(=C\c1ccc(C(=O)O)cc1)C2=O,80.0,1
474,475,CC(C)COc1ccc(-c2ccnc(N)n2)cc1C#N,80.0,1
475,476,C=CCOc1ccc(-c2ncc(C(=O)O)c(=O)[nH]2)cc1C#N,81.1,1
476,477,Cc1cn(-c2ccc(C(=O)O)cc2)cc1C#N,81.2,1
477,478,CCOc1ccc(-c2nc(C)c(C(=O)O)[se]2)cc1[N+](=O)[O-],82.5,1
478,479,O=C(O)c1cnc(-c2ccc(OCc3ccc(Cl)cc3Cl)c(-n3ccnn3)c2)[nH]c1=O,83.8,1
479,480,Cc1ccccc1COc1ccccc1-c1cn(-c2ccc(C(=O)O)cc2)cc1C#N,83.8,1
480,481,N#Cc1cn(-c2ccc(C(=O)O)c(O)c2)c2cc(OCC3CCC3)ccc12,86.5,1
481,482,N#Cc1cn(-c2ccc(C(=O)O)c(O)c2)cc1-c1cccc(OCc2ccccc2)c1,87.8,1
482,483,Cc1ccccc1-c1cn(-c2cc(C(=O)O)ccn2)cc1C#N,88.5,1
483,484,CC(=O)Nc1ccc(-c2cnn3c(O)cc(O)nc23)cc1,89.0,1
484,485,Cc1cc(-c2n[nH]c(-c3ccnc(Cl)c3)n2)ccn1,89.0,1
485,486,Cc1ccc(COc2ccc(-c3ncc(C(=O)O)c(=O)[nH]3)cc2-n2ccnn2)cc1,89.4,1
486,487,COc1cc(-c2oc3cc(O)cc(O)c3c(=O)c2OC)cc(O)c1OC,90.0,1
487,488,N#Cc1cn(-c2ccc(C(=O)O)cc2)cc1-c1cccc(OCc2ccc(F)cc2)c1,90.3,1
488,489,N#Cc1cn(-c2ccc(C(=O)O)cc2)c2ccc(CO)cc12,91.1,1
489,490,CC(C)Oc1ccc(-c2ncc(C(=O)O)c(=O)[nH]2)cc1C#N,91.6,1
490,491,O=C(O)c1cnc(-c2ccc(OCc3ccccc3Cl)c(-n3ccnn3)c2)[nH]c1=O,91.7,1
491,492,CCCCCCCCOc1ccc(NC(=O)c2ccncc2)cc1-n1cnnn1,92.0,1
492,493,COc1ccc(-c2ncc(C(=O)O)c(=O)[nH]2)cc1-n1ccnn1,92.0,1
493,494,O=C(Nc1ccc(OCc2ccccc2)c(-n2cnnn2)c1)c1ccncc1,94.0,1
494,495,O=C(O)c1cnc(-c2ccc(OCc3ccccc3)c(-n3ccnn3)c2)[nH]c1=O,94.5,1
495,496,Cc1ccc(-c2cnn3c(O)cc(O)nc23)cc1,96.0,1
496,497,CN(C)c1cc2c(C#N)cn(-c3ccc(C(=O)O)cc3)c2cc1C(F)(F)F,96.0,1
497,498,N#Cc1cn(-c2ccc(C(=O)O)cc2)c2cccc(OCc3ccccc3)c12,96.0,1
498,499,CC(C)(C)COc1ccc(-n2cc(C(=O)O)c(C(F)(F)F)n2)cc1C#N,100.0,1
499,500,CCCCCCCCOc1ccc(-n2cc(C(=O)O)c(C(F)(F)F)n2)cc1C#N,100.0,1
500,501,CCOc1ccc(-n2cc(C(=O)O)c(C)n2)cc1C#N,100.0,1
501,502,Cc1nn(-c2ccc(N3CCOCC3)c([N+](=O)[O-])c2)cc1C(=O)O,100.0,1
502,503,CC(C)Oc1ccc(-n2cc(C(=O)O)c(C(F)(F)F)n2)cc1C#N,100.0,1
503,504,CCCCCCCCOc1ccc(-n2cc(C(=O)O)c(C)n2)cc1C#N,100.0,1
504,505,Cc1nn(-c2ccc(N3CCOCC3)c(C#N)c2)cc1C(=O)O,100.0,1
505,506,CCOc1ccc(-n2cc(C(=O)O)c(C(F)(F)F)n2)cc1C#N,100.0,1
506,507,CC(C)COc1ccc(-n2cc(C(=O)O)c(C(F)(F)F)n2)cc1C#N,100.0,1
507,508,N#Cc1ccc(COc2ccc(NC(=O)c3ccncc3)cc2-n2cnnn2)cc1,100.0,1
508,509,Cc1ccc(Cc2ccc(-c3nc(C)c(C(=O)O)n3O)cc2C#N)cc1,110.0,1
509,510,CCCCCCCOc1ccc(-c2nc(C)c(C(=O)O)n2O)cc1C#N,110.0,1
510,511,N#Cc1ccccc1COc1ccc(NC(=O)c2ccncc2)cc1-n1cnnn1,110.0,1
511,512,CN(C)c1ccc(-c2ccc3c(c2)c(C#N)cn3-c2ccc(C(=O)O)cc2)cc1,111.2,1
512,513,COc1cccc(COc2cccc(-c3cn(-c4ccc(C(=O)O)cc4)cc3C#N)c2)c1,111.3,1
513,514,N#Cc1cn(-c2ccc(C(=O)O)cc2)c2cc(-c3ccccc3)ccc12,111.7,1
514,515,N#Cc1cn(-c2ccc(C(=O)O)cc2)cc1-c1cccc(OCc2cccc(F)c2)c1,116.5,1
515,516,COc1ccccc1COc1ccc(NC(=O)c2ccncc2)cc1-n1cnnn1,117.0,1
516,517,N#Cc1cn(-c2ccc(O)c(C(=O)O)c2)cc1-c1ccccc1,120.3,1
517,518,CCCOc1ccc(-c2nc(C)c(C(=O)O)n2O)cc1C#N,125.89,1
518,519,O=C(Nc1ccc(OC2CCCC2)c(-n2cnnn2)c1)c1ccncc1,128.0,1
519,520,c1cncc(-c2n[nH]c(-c3ccncc3)n2)c1,130.0,1
520,521,Cc1ccc(COc2ccc(NC(=O)c3ccncc3)cc2-n2cnnn2)cc1,132.0,1
521,522,Cc1ccc(COc2cccc(-c3cn(-c4ccc(C(=O)O)cc4)cc3C#N)c2)cc1,132.1,1
522,523,N#Cc1cn(-c2ccc(C(=O)O)cc2)c2cc(CO)ccc12,138.3,1
523,524,CCC(C)COc1ccc(NC(=O)c2ccncc2)cc1-n1cnnn1,141.0,1
524,525,N#Cc1cn(-c2ccc(C(=O)O)cc2)cc1-c1ccccc1OCc1ccc(Cl)cc1,143.2,1
525,526,N#Cc1cn(-c2cc(C(=O)O)ccn2)cc1-c1cccs1,144.6,1
526,527,CC(C)CCOc1ccc(NC(=O)c2ccncc2)cc1-n1cnnn1,145.0,1
527,528,CC(C)(C)c1ccc(COc2ccc(-c3ncc(C(=O)O)c(=O)[nH]3)cc2-n2ccnn2)cc1,149.0,1
528,529,N#Cc1cc(-c2ccnc(N)n2)ccc1OCc1ccc(F)cc1,150.0,1
529,530,O=C(O)COc1ccc2c(c1)O/C(=C\c1ccc(C(=O)O)cc1)C2=O,150.0,1
530,531,CCCCCCOc1ccc(NC(=O)c2ccncc2)cc1-n1cnnn1,153.0,1
531,532,Cc1ccc(COc2ccc(-c3nc(C)c(C(=O)O)c(=O)[nH]3)cc2C#N)cc1,159.0,1
532,533,COc1ccc(-c2cc(O)nc(N)n2)cc1C#N,160.0,1
533,534,CC(C)COc1ccc(NC(=O)c2ccncc2)cc1-n1cnnn1,165.0,1
534,535,Cc1nc(-c2ccc(OC(C)C)c(C#N)c2)n(O)c1C(=O)O,170.0,1
535,536,Cc1cc(-c2nc(-c3ccc(OCC(C)C)nc3)n[nH]2)ccn1,170.0,1
536,537,c1cc(-c2n[nH]c(-c3ccncc3)n2)ccn1,170.0,1
537,538,CSc1cc(-c2nc(-c3ccnc(C)c3)n[nH]2)ccn1,170.0,1
538,539,CCC(C)Oc1ccc(NC(=O)c2ccncc2)cc1-n1cnnn1,171.0,1
539,540,CC(=O)Oc1ccc(NC(=O)c2ccncc2)cc1-n1cnnn1,173.0,1
540,541,CCCCCOc1ccc(NC(=O)c2ccncc2)cc1-n1cnnn1,174.0,1
541,542,N#Cc1cn(-c2ccc(C(=O)O)c(N)c2)c2ccccc12,175.3,1
542,543,Cc1nc(-c2ccc(OCc3ccc(Br)cc3)c(C#N)c2)[nH]c(=O)c1C(=O)O,185.4,1
543,544,CC(C)(C)c1ccc(COc2ccc(-c3ncc(C(=O)O)c(=O)[nH]3)cc2C#N)cc1,197.0,1
544,545,C[C@H]1O[C@@H](O[C@@H]2[C@@H](O)[C@H](O)[C@@H](CO)O[C@H]2OC[C@@]2(C)[C@@H](O)CC[C@@]3(C)[C@H]2CC[C@]2(C)[C@@H]3CC=C3[C@@H]4C[C@](C)(O)[C@@H](O)C[C@]4(C(=O)O)CC[C@]32C)[C@H](O)[C@@H](O)[C@@H]1O,200.0,1
545,546,COc1cccc(COc2ccc(-n3cc(C(=O)O)nn3)cc2C#N)c1,210.0,1
546,547,COc1ccc(-c2oc3cc(O)c(OC)c(O)c3c(=O)c2OC)cc1,220.0,1
547,548,N#Cc1cn(-c2ccc(C(=O)O)cc2)cc1-c1ccccc1OCc1ccccc1C(F)(F)F,255.4,1
548,549,CCCCOc1ccc(NC(=O)c2ccncc2)cc1-n1cnnn1,264.0,1
549,550,COc1ccc(OCc2nn3c(=O)cc(C)nc3s2)cc1,269.0,1
550,551,Cc1cc(-c2n[nH]c(-c3ccnc(C)c3)n2)ccn1,310.0,1
551,552,N#Cc1ccccc1COc1ccc(NC(=O)c2ccncc2)cc1C#N,312.0,1
552,553,Cc1cc(=O)n2nc(COc3ccccc3C)sc2n1,326.0,1
553,554,O=[N+]([O-])c1cnc(-c2ccncc2)[nH]1,350.0,1
554,555,CC(C)COc1ccc(-c2cc(C(=O)O)no2)cc1C#N,360.0,1
555,556,O=c1[nH]ccc2nc(-c3cccc(C(F)(F)F)c3)cn12,398.11,1
556,557,CC(C)COc1ccc(-c2cc(C(=O)O)nc(N)n2)cc1C#N,400.0,1
557,558,N#Cc1cc(-c2ccnc(N)n2)ccc1OCC1CCC1,400.0,1
558,559,COc1ccc(-n2cc(C(=O)O)cn2)cc1C#N,460.0,1
559,560,O=c1cccc(/N=N/c2cccc([N+](=O)[O-])c2)cc1O,460.0,1
560,561,Cc1cc(=O)n2nc(COc3ccc(Cl)cc3)sc2n1,461.0,1
561,562,N#Cc1nc(-c2ccncc2)[nH]c1C(N)=O,500.0,1
562,563,COc1ccc(-c2nc(C)c(C(=O)O)n2O)cc1C#N,501.19,1
563,564,Cc1nc(-c2ccc(OCCC(C)C)c(C#N)c2)[nH]c(=O)c1C(=O)O,540.0,1
564,565,C=C(C)COc1ccc(-c2nc(C)c(C(=O)O)c(=O)[nH]2)cc1C#N,567.7,1
565,566,CC(C)COc1ccc(-c2n[nH]c(-c3ccnc(C#N)c3)n2)cn1,590.0,1
566,567,N#Cc1cc(-c2cc(C(=O)O)no2)ccc1OCc1ccccc1,590.0,1
567,568,COc1ccc(COc2ccc(NC(=O)c3ccncc3)cc2C#N)cc1,600.0,1
568,569,O=Cc1ccccc1OCc1cn(Cc2ccc3c(c2)C(=O)c2ccccc2C3=O)nn1,600.0,1
569,570,CC(C)Oc1ccc(NC(=O)c2ccncc2)cc1-n1cnnn1,603.0,1
570,571,Cc1cc(=O)n2nc(COc3ccccc3Br)sc2n1,603.0,1
571,572,O=c1cc(-c2ccc(F)cc2)oc2c1ccc1ccccc12,620.0,1
572,573,O=C(O)c1cnc(-c2ccc(O)c(-n3ccnn3)c2)[nH]c1=O,629.0,1
573,574,CCCCCCCCOc1ccc(-n2cc(C(=O)O)nn2)cc1C#N,630.0,1
574,575,N#Cc1cc(-c2cc(C(=O)O)no2)ccc1OCc1ccc(Cl)cc1,630.0,1
575,576,Cc1cc(=O)n2nc(COc3ccc(Cl)c(C)c3)sc2n1,634.0,1
576,577,CC(C)CCOc1ccc(-c2nc(-c3ccncc3)cn2O)cc1C#N,640.0,1
577,578,CN(C)CCOc1ccc(-n2cc(C(=O)O)cn2)cc1C#N,700.0,1
578,579,COc1ccc(COc2ccc(-n3cc(C(=O)O)nn3)cc2C#N)cc1,720.0,1
579,580,COc1ccccc1COc1ccc(-n2cc(C(=O)O)nn2)cc1C#N,760.0,1
580,581,N#Cc1cc(NC(=O)c2ccncc2)ccc1OCc1ccc(Cl)cc1,800.0,1
581,582,O=Cc1cc(F)ccc1OCc1cn(Cc2ccc3c(c2)C(=O)c2ccccc2C3=O)nn1,800.0,1
582,583,N#Cc1ccc(COc2ccc(-n3cc(C(=O)O)nn3)cc2C#N)cc1,850.0,1
583,584,N#Cc1cc(NC(=O)c2ccncc2)ccc1OCc1ccccc1,900.0,1
584,585,N#Cc1cc(-n2cc(C(=O)O)nn2)ccc1OCc1ccc(Cl)cc1,940.0,1
585,586,O=C(N/N=C/c1c(O)cc(O)cc1O)c1ccncc1,960.0,1
586,587,O=C(O)c1cc(-c2ccc(OCc3ccccc3)c([N+](=O)[O-])c2)on1,970.0,1
587,588,CCCCCC(O)C(O)/C=C/C(O)CCCCCCCC(=O)O,1000.0,1
588,589,CC(C)COc1ccc(-c2cc(C(=O)O)no2)cc1[N+](=O)[O-],1000.0,1
589,590,O=C(O)c1nc(-c2cccnc2)[nH]c1C(=O)O,1000.0,1
590,591,CC(C)(C)c1ccc(COc2ccc(-c3cc(C(=O)O)no3)cc2C#N)cc1,1010.0,1
591,592,Cc1cccc(OCc2nn3c(=O)cc(C)nc3s2)c1,1030.0,1
592,593,CC(C)Oc1ccc(-c2cc(C(=O)NN)c(=O)[nH]n2)cc1C#N,1030.0,1
593,594,N#Cc1cc(-n2cc(C(=O)O)nn2)ccc1OC1CCCC1,1080.0,1
594,595,COn1c(-c2ccc(Cc3ccc(C)cc3)c(C#N)c2)nc(C)c1C(=O)O,1100.0,1
595,596,N#Cc1cccc(/N=N/c2cccc(=O)c(O)c2)c1,1100.0,1
596,597,O=C(/C=C/c1ccc(O)c(O)c1)c1ccc(O)c(O)c1O,1200.0,1
597,598,Oc1cc(O)n2ncc(Br)c2n1,1200.0,1
598,599,O=C(O)COc1ccc2c(c1)O/C(=C\c1ccccc1Cl)C2=O,1230.0,1
599,600,CCCCCCCCOc1ccc(-c2nc(C)c(C(=O)O)n2O)cc1C#N,1258.93,1
600,601,O=c1cc(-c2ccccc2)oc2cc(O)cc(O)c12,1260.0,1
601,602,COc1ccc(/C=C2\Oc3cc(OCC(=O)O)ccc3C2=O)c(OC)c1,1270.0,1
602,603,O=C(/C=C/c1ccc(O)c(O)c1)c1ccc(O)cc1O,1300.0,1
603,604,O=[N+]([O-])c1cnc(-c2cccnc2)[nH]1,1300.0,1
604,605,COc1ccccc1/C=C1\Oc2cc(OCC(=O)O)ccc2C1=O,1300.0,1
605,606,COc1ccc(-c2cc(S)nc(N)n2)cc1OC,1400.0,1
606,607,Oc1cc(O)n2ncc(Cl)c2n1,1400.0,1
607,608,CCCCCCCOc1ccc(-n2cc(C(=O)O)nn2)cc1C#N,1470.0,1
608,609,N#Cc1cc(-n2cc(C(=O)O)cn2)ccc1OCC(=O)O,1500.0,1
609,610,CCCCCCOc1ccc(-n2cc(C(=O)O)nn2)cc1C#N,1500.0,1
610,611,COc1ccc(/C=C2\Oc3cc(OCC(=O)O)ccc3C2=O)cc1,1570.0,1
611,612,CCC(C)Oc1ccc(-c2nc(C)c(C(=O)O)n2OC)cc1C#N,1584.89,1
612,613,CC(C)COc1ccc(NC(=O)c2ccncc2)cc1C#N,1600.0,1
613,614,CC(C)CCOc1ccc(-n2cc(C(=O)O)nn2)cc1C#N,1620.0,1
614,615,Cc1cc(=O)n2nc(COc3ccccc3Cl)sc2n1,1650.0,1
615,616,O=c1c(-c2ccc(O)cc2)coc2cc(O)cc(O)c12,1730.0,1
616,617,COc1ccccc1COc1ccc(NC(=O)c2ccncc2)cc1C#N,1800.0,1
617,618,Cc1ccc(OCc2nn3c(=O)cc(C)nc3s2)c(C)c1,1800.0,1
618,619,CC(C)Oc1ccc(-c2cc(C(=O)NN)c(=O)[nH]n2)cc1[N+](=O)[O-],1920.0,1
619,620,O=c1cc(-c2ccc([N+](=O)[O-])cc2)oc2c1ccc1ccccc12,1950.0,1
620,621,N#Cc1cccc(COc2ccc(NC(=O)c3ccncc3)cc2C#N)c1,2000.0,1
621,622,FC(F)(F)c1cnc(-c2ccncc2)[nH]1,2000.0,1
622,623,CC(C)CCOc1ccc(NC(=O)c2ccncc2)cc1C#N,2000.0,1
623,624,O=C(Nc1ccncc1)c1ccc(OCc2ccccc2)c(-n2cnnn2)c1,2100.0,1
624,625,CCCCOc1ccc(NC(=O)c2ccncc2)cc1C#N,2300.0,1
625,626,N#Cc1ccc(COc2ccc(NC(=O)c3ccncc3)cc2C#N)cc1,2300.0,1
626,627,N#Cc1cc(-n2cc(C(=O)O)nn2)ccc1OCc1ccccc1,2400.0,1
627,628,CC(=O)NC(CC(=O)c1ccc2ccccc2c1)c1cccc(Br)c1,2450.0,1
628,629,Cc1cc(=O)n2nc(COc3ccc([N+](=O)[O-])cc3)sc2n1,2501.0,1
629,630,CCOc1ccc(-c2cc(C(=O)NN)c(=O)[nH]n2)cc1C#N,2540.0,1
630,631,CCCCCCOc1ccc(NC(=O)c2ccncc2)cc1C#N,2700.0,1
631,632,O=Cc1cc(O)c2c(c1)C(=O)c1cccc(O)c1C2=O,2790.0,1
632,633,O=C(O)c1cc(-c2ccc(OCc3ccc(Cl)cc3)c([N+](=O)[O-])c2)on1,2830.0,1
633,634,CCCCCOc1ccc(-n2cc(C(=O)O)nn2)cc1C#N,2850.0,1
634,635,CC(C)COc1ccc(C(=O)Nc2ccncc2)cc1-n1cnnn1,2890.0,1
635,636,CC(C)COc1ccc(-c2cc(C(=O)NN)c(=O)[nH]n2)cc1C#N,2970.0,1
636,637,CCCCCOc1ccc(NC(=O)c2ccncc2)cc1C#N,3000.0,1
637,638,O=c1cccc(/N=N/c2cc(C(F)(F)F)cc(C(F)(F)F)c2)cc1O,3000.0,1
638,639,O=C(/C=C/c1ccc(O)c(O)c1)c1ccc(O)c(O)c1,3000.0,1
639,640,O=C1/C(=C/c2ccc(O)c(O)c2)Oc2cc(O)ccc21,3100.0,1
640,641,CCCOc1ccc(-c2cc(C(=O)NN)c(=O)[nH]n2)cc1C#N,3100.0,1
641,642,O=C(OC[C@H]1O[C@@H](OC(=O)c2cc(O)c(O)c(O)c2)[C@H](OC(=O)c2cc(O)c(O)c(O)c2)[C@@H](OC(=O)c2cc(O)c(O)c(O)c2)[C@@H]1OC(=O)c1cc(O)c(O)c(O)c1)c1cc(O)c(O)c(O)c1,3200.0,1
642,643,CC(C)COc1ccc(-n2cc(C(=O)O)nn2)cc1C#N,3270.0,1
643,644,O=c1cc(-c2ccccc2)oc2cc(O)c(O)c(O)c12,3300.0,1
644,645,N#Cc1cccc(-n2cc(C(=O)O)cn2)c1,3300.0,1
645,646,N#Cc1cccc(COc2ccc(-n3cc(C(=O)O)nn3)cc2C#N)c1,3350.0,1
646,647,O=c1cc(-c2ccc(O)cc2)oc2cc(O)cc(O)c12,3570.0,1
647,648,N#Cc1cc(-n2cc(C(=O)O)cn2)ccc1O,3600.0,1
648,649,CC(C)COc1ccc(-c2cc(C(=O)NN)c(=O)[nH]n2)cc1[N+](=O)[O-],3650.0,1
649,650,O=C(O)COc1ccc2c(c1)O/C(=C\c1ccccc1C(=O)O)C2=O,3840.0,1
650,651,CCCCCOc1ccc(C(=O)Nc2ccncc2)cc1-n1cnnn1,3860.0,1
651,652,O=C1c2cccc(O)c2C(=O)c2c(O)cc(/C=N/c3ccccc3)cc21,3870.0,1
652,653,COc1cc(-c2c(O)c(=O)oc3cc(O)cc(O)c23)ccc1O,3900.0,1
653,654,CC(C)COc1ccc(-c2cc(C(N)=O)nc(N)n2)cc1C#N,3900.0,1
654,655,CCCOc1ccc(NC(=O)c2ccncc2)cc1C#N,3900.0,1
655,656,Cc1cc(C(=O)O)cc(-c2ccc3c(c2)c(C#N)cn3C(C)C)n1,3940.0,1
656,657,CCC(C)Oc1ccc(-n2cc(C(=O)O)nn2)cc1C#N,3960.0,1
657,658,CCCCCCOc1ccc(-c2nc(C)c(C(=O)O)n2OC)cc1C#N,3981.07,1
658,659,COC(=O)C1=C(C)Oc2ccc3ccccc3c2C1c1cccs1,4000.0,1
659,660,O=c1c(O)c(-c2cc(O)c(O)c(O)c2)oc2cc(O)ccc12,4300.0,1
660,661,O=C(/C=C/c1ccc(O)c(O)c1)c1ccc(O)cc1,4300.0,1
661,662,Cn1c2ccccc2c2cc(/C=C/C(=O)c3cccc(NC(=O)C4CC4)c3)ccc21,4300.0,1
662,663,CCC(C)Oc1ccc(-c2nc(-c3ccncc3)cn2O)cc1C#N,4350.0,1
663,664,Cn1c2ccccc2c2cc(/C=C/C(=O)c3cccc(NC(=O)c4cccc(Cl)c4)c3)ccc21,4400.0,1
664,665,CNC(=O)/C=C/c1ccc(O)c2oc(-c3ccc(O)c(O)c3)cc12,4450.0,1
665,666,O=C(O)COc1ccc2c(c1)O/C(=C\c1ccccc1)C2=O,4470.0,1
666,667,Cn1c2ccccc2c2cc(/C=C/C(=O)c3cccc(NC(=O)c4cccc(F)c4)c3)ccc21,4500.0,1
667,668,CC(C)CCOc1ccc(-c2cc(C(=O)NN)c(=O)[nH]n2)cc1C#N,4500.0,1
668,669,COc1cc(-c2oc3cc(O)c(OC)c(O)c3c(=O)c2OC)cc(OC)c1OC,4540.0,1
669,670,CCCCCCOc1ccc(C(=O)Nc2ccncc2)cc1-n1cnnn1,4590.0,1
670,671,N#Cc1ccc(COc2cc(O)cc3oc4cc(O)c(O)cc4c(=O)c23)cc1,4670.0,1
671,672,CC(C)COc1ccc(-n2cc(C(=O)O)cn2)cc1,4700.0,1
672,673,O=c1c2cc(O)c(O)cc2oc2cc(O)cc(OCc3ccc(Cl)cc3)c12,4700.0,1
673,674,CC(C)Oc1ccc(-c2nc(-c3ccncc3)cn2O)cc1C#N,4750.0,1
674,675,O=c1cc(-c2ccccc2F)oc2c1ccc1ccccc12,4940.0,1
675,676,CCCCCCCOc1ccc(NC(=O)c2ccncc2)cc1C#N,5000.0,1
676,677,Oc1cc(O)n2nccc2n1,5000.0,1
677,678,CCCCOc1ccc(-n2cc(C(=O)O)nn2)cc1C#N,5030.0,1
678,679,Cn1c2ccccc2c2cc(/C=C/C(=O)c3cccc(NC(=O)/C=C/c4ccccc4)c3)ccc21,5100.0,1
679,680,Cn1c2ccccc2c2cc(/C=C/C(=O)c3cccc(NC(=O)c4cccc(C(F)(F)F)c4)c3)ccc21,5100.0,1
680,681,O=c1cc(-c2ccc([N+](=O)[O-])cc2)oc2ccc3ccccc3c12,5210.0,1
681,682,CCCCOc1ccc(-c2cc(C(=O)NN)c(=O)[nH]n2)cc1C#N,5240.0,1
682,683,Cc1ccc(C(=O)Nc2cccc(C(=O)/C=C/c3ccc4c(c3)c3ccccc3n4C)c2)cc1,5300.0,1
683,684,CC(=O)N1N=C(c2ccco2)CC1c1ccncc1,5300.0,1
684,685,O=C(/C=C/c1ccc(O)c(O)c1)c1cccc(O)c1,5300.0,1
685,686,O=C(/C=C/c1ccc(O)c(O)c1O)c1ccc(O)c(O)c1O,5500.0,1
686,687,Cn1c2ccccc2c2cc(/C=C/C(=O)c3cccc(NC(=O)c4ccc(Cl)cc4)c3)ccc21,5600.0,1
687,688,N#Cc1cnc(-c2ccncc2)[nH]1,5600.0,1
688,689,N#Cc1cc(NC(=O)c2ccncc2)ccc1OC1CCCC1,5700.0,1
689,690,Cc1ccc(COc2cc(O)cc3oc4cc(O)c(O)cc4c(=O)c23)cc1,5730.0,1
690,691,O=C(O)c1nc(-c2ccncc2)[nH]c1C(=O)O,5800.0,1
691,692,CCCCCOc1ccc(-c2cc(C(=O)NN)c(=O)[nH]n2)cc1C#N,5890.0,1
692,693,CC(C)CCOc1ccc(-c2cc(C(=O)NN)c(=O)[nH]n2)cc1[N+](=O)[O-],6020.0,1
693,694,CCC(C)Oc1ccc(NC(=O)c2ccncc2)cc1C#N,6100.0,1
694,695,COC(=O)C1=C(C)Oc2ccc3ccccc3c2C1c1ccc[nH]1,6230.0,1
695,696,O=c1cc(-c2cccnc2)[nH]c2ccccc12,6240.0,1
696,697,CC(C)Oc1ccc(-n2cc(C(=O)O)nn2)cc1C#N,6240.0,1
697,698,O=c1c2cc(O)c(O)cc2oc2cc(O)cc(OCc3ccccc3Cl)c12,6410.0,1
698,699,O=c1nc(-c2ccncc2)cc(-c2cccs2)[nH]1,6450.0,1
699,700,O=Cc1ccc(F)cc1OCc1cn(Cc2ccc3c(c2)C(=O)c2ccccc2C3=O)nn1,6500.0,1
700,701,O=C(/C=C/c1ccc(O)c(O)c1)c1cc(O)cc(O)c1,6500.0,1
701,702,COC(=O)/C=C/c1ccc(O)c2oc(-c3ccc(O)c(O)c3)cc12,6550.0,1
702,703,CC(C)CCOc1ccc(-c2nc(-c3cccnc3)cn2O)cc1C#N,6730.0,1
703,704,COc1cc(-c2oc3cc(O)c(OC)c(O)c3c(=O)c2OC)cc(O)c1OC,6950.0,1
704,705,O=c1cc(-c2cc(F)cc(F)c2)oc2c1ccc1ccccc12,6950.0,1
705,706,COc1ccc(Nc2ncnc3c2C(c2ccc(O)c(OC)c2)C2=C(CCCC2=O)O3)cc1,7000.0,1
706,707,Cc1ccccc1COc1cc(O)cc2oc3cc(O)c(O)cc3c(=O)c12,7080.0,1
707,708,O=c1nc(-c2ccncc2)cc(-c2ccco2)[nH]1,7230.0,1
708,709,CC(C)COc1ccc(NC(=O)C(=O)O)cc1Cl,7300.0,1
709,710,COC(=O)C1=C(C)Oc2ccc3ccccc3c2C1c1sccc1C,7310.0,1
710,711,O=c1cccc(/N=N/c2cccc(C(F)(F)F)c2)cc1O,7400.0,1
711,712,O=c1ncnc2[nH][nH]cc1-2,7560.0,1
712,713,O=c1cc(-c2cc(F)cc(F)c2)oc2ccc3ccccc3c12,7670.0,1
713,714,COc1ccc(Nc2ncnc3c2C(c2ccc(OC)c(OC)c2)C2=C(CCCC2=O)O3)cc1,8000.0,1
714,715,COn1c(-c2ccc(OCCC(C)C)c(C#N)c2)nc(C)c1C(=O)O,8000.0,1
715,716,COc1cccc2c1C(=O)c1c(OC)cc(/C=N/[C@H]3C(OC(C)=O)O[C@H](COC(C)=O)[C@@H](OC(C)=O)[C@H]3OC(C)=O)cc1C2=O,8430.0,1
716,717,COc1ccc(Nc2ncnc3c2C(c2ccc(O)c(O)c2)C2=C(CCCC2=O)O3)cc1,8500.0,1
717,718,CC(=O)NC(CC(=O)c1ccc2ccccc2c1)c1ccccc1,8500.0,1
718,719,O=C(/C=C/c1cc(O)ccc1O)c1ccc(O)c(O)c1,8600.0,1
719,720,O=c1cccc(/N=N/c2cccc(F)c2)cc1O,8900.0,1
720,721,O=c1cc(-c2ccc(Br)cc2)oc2ccc3ccccc3c12,8900.0,1
721,722,O=c1cc(-c2ccc(Br)cc2)oc2c1ccc1ccccc12,8930.0,1
722,723,CCCCCCn1cc(COc2ccc(F)cc2C=O)nn1,9000.0,1
723,724,COc1ccc(-c2cc(O)nc(N)n2)cc1,9400.0,1
724,725,CC(C)Oc1ccc(NC(=O)c2ccncc2)cc1C#N,9500.0,1
725,726,C=CCOc1ccc(-c2nc(-c3cccnc3)cn2O)cc1C#N,9620.0,1
726,727,O=C(O)CCc1ccc(O)c2oc(-c3ccc(O)c(O)c3)cc12,9760.0,1
727,728,COc1ccc(-c2oc3cc(OC)cc(O)c3c(=O)c2OC)cc1,9790.0,1
728,729,COC(=O)C1=C(C)Oc2ccc3ccccc3c2C1c1ccco1,10000.0,0
729,730,CC(C)COc1ccc(-c2nc(-c3ccnc(Cl)c3)n[nH]2)cc1[N+](=O)[O-],10000.0,0
730,731,Cc1cc(-c2nc(-c3ccc(OCC(C)C)c([N+](=O)[O-])c3)n[nH]2)ccn1,10000.0,0
731,732,O=C(N/N=C/c1ccc(O)c(O)c1)c1cccnc1,10000.0,0
732,733,O=c1cc(-c2ccc(O)c(O)c2)oc2cc(O)cc(O)c12,10200.0,0
733,734,Oc1nc(-c2ccccc2)cc(-c2ccccc2)n1,10210.0,0
734,735,CC(C)COc1ccc(-c2nc(-c3cccnc3)cn2O)cc1C#N,10280.0,0
735,736,O=C(/C=C/c1ccc(O)c2oc(-c3ccc(O)c(O)c3)cc12)Nc1ccc(O)cc1,11010.0,0
736,737,O=c1nc(-c2ccncc2)cc(-c2cccc3ccccc23)[nH]1,11230.0,0
737,738,O=C1C[C@@H](c2ccc(O)cc2)Oc2cc(O)ccc21,11300.0,0
738,739,CCOC(=O)C1=C(C)Oc2ccc3ccccc3c2C1c1cccs1,11420.0,0
739,740,CNC(=O)CCc1ccc(O)c2oc(-c3ccc(O)c(O)c3)cc12,11470.0,0
740,741,O=c1nc(-c2ccc(Cl)cc2)cc(-c2ccc(Cl)cc2)[nH]1,12000.0,0
741,742,CC(=O)N1N=C(c2ccco2)CC1c1ccc([N+](=O)[O-])cc1,12400.0,0
742,743,O=C(N/N=C/c1ccc(O)c(O)c1)c1ccncc1,12400.0,0
743,744,O=c1cc(-c2ccc(F)cc2)oc2ccc3ccccc3c12,12440.0,0
744,745,O=c1cc(-c2ccc(O)cc2)oc2cc(O)c(O)c(O)c12,12600.0,0
745,746,CC(C)(C)c1ccc(COc2ccc(-c3cc(C(=O)O)no3)cc2[N+](=O)[O-])cc1,12750.0,0
746,747,c1cc(-c2nc3cnccc3[nH]2)ccn1,13000.0,0
747,748,CC(=O)N1N=C(c2ccco2)CC1c1cccc([N+](=O)[O-])c1,13100.0,0
748,749,CCOC(=O)C1=C(C)Oc2ccc3ccccc3c2C1c1ccco1,13240.0,0
749,750,CCNC(=O)/C=C/c1ccc(O)c2oc(-c3ccc(O)c(O)c3)cc12,13490.0,0
750,751,Cc1cccc(COc2cc(O)cc3oc4cc(O)c(O)cc4c(=O)c23)c1,13560.0,0
751,752,CC(C)NC(=O)/C=C/c1ccc(O)c2oc(-c3ccc(O)c(O)c3)cc12,13860.0,0
752,753,COc1cc(-c2cc(=O)c3c(O)cc(O)cc3o2)ccc1O,14000.0,0
753,754,COc1ccc(-c2cc(=O)c3c(O)cc(O)cc3o2)cc1,14100.0,0
754,755,CC(=O)N1N=C(c2ccco2)CC1c1ccccc1[N+](=O)[O-],14200.0,0
755,756,O=c1cc(-c2ccccc2F)oc2ccc3ccccc3c12,14670.0,0
756,757,CC(=O)N1N=C(c2ccco2)CC1c1cccc(Cl)c1Cl,14800.0,0
757,758,COc1ccc(-c2oc3cc(OC)c(OC)c(O)c3c(=O)c2OC)cc1,14900.0,0
758,759,Clc1cc2nc(-c3ccncc3)[nH]c2cc1Cl,15000.0,0
759,760,O=[N+]([O-])c1cnn2c(O)cc(O)nc12,15000.0,0
760,761,CC(C)COc1ccc(NC(=O)Nc2ccncc2)cc1[N+](=O)[O-],15000.0,0
761,762,COc1ccc(Nc2ncnc3c2C(c2ccc(O)c(OC)c2)c2c(c(=O)oc4ccccc24)O3)cc1,15000.0,0
762,763,O=Cc1cccc(OCc2cn(Cc3ccc4c(c3)C(=O)c3ccccc3C4=O)nn2)c1,15100.0,0
763,764,CC(=O)N1N=C(c2ccco2)CC1c1ccc(Cl)cc1,15200.0,0
764,765,CC(=O)NC(CC(=O)c1ccco1)c1cccc([N+](=O)[O-])c1,15200.0,0
765,766,COc1ccc(-c2nc(-c3ccncc3)cn2O)cc1C#N,15420.0,0
766,767,CCOC(=O)/C=C/c1ccc(O)c2oc(-c3ccc(O)c(O)c3)cc12,15460.0,0
767,768,O=C(/C=C/c1ccc(O)c2oc(-c3ccc(O)c(O)c3)cc12)NCc1ccccc1,15550.0,0
768,769,O=C(O)/C=C/c1ccc(O)c2oc(-c3ccc(O)c(O)c3)cc12,16050.0,0
769,770,COc1cc(C=O)cc(OC)c1OCc1cn(Cc2ccc3c(c2)C(=O)c2ccccc2C3=O)nn1,16800.0,0
770,771,O=c1cc(-c2ccccc2Br)oc2c1ccc1ccccc12,16800.0,0
771,772,Cc1cc(-c2nc(-c3ccc(OCC(C)C)c(C#N)c3)n[nH]2)ccn1,17000.0,0
772,773,O=c1cccc(/N=N/c2cccc(Cl)c2)cc1O,17000.0,0
773,774,COC(=O)C1=C(C)Oc2ccc3ccccc3c2C1c1ccc(OC)c(OC)c1,17000.0,0
774,775,COc1ccc(Nc2ncnc3c2C(c2ccc(OC)c(OC)c2)c2c(c(=O)oc4ccccc24)O3)cc1,17000.0,0
775,776,O=C(/C=C/c1ccc(O)c(O)c1)c1cc(O)ccc1O,17000.0,0
776,777,O=c1cc(-c2ccccc2Br)oc2ccc3ccccc3c12,17070.0,0
777,778,CC(=O)N1N=C(c2ccco2)CC1c1ccc(Br)cc1,17600.0,0
778,779,O=C(/C=C/c1ccc(O)c2oc(-c3ccc(O)c(O)c3)cc12)Nc1ccccc1,17840.0,0
779,780,COc1ccc(Nc2ncnc3c2C(c2ccc(O)c(O)c2)c2c(c(=O)oc4ccccc24)O3)cc1,18000.0,0
780,781,O=C(/C=C/c1ccc(O)c(O)c1O)c1ccc(O)c(O)c1,18000.0,0
781,782,N#Cc1ccc(/N=N/c2cccc(=O)c(O)c2)cc1C(F)(F)F,18000.0,0
782,783,C=CCNC(=O)/C=C/c1ccc(O)c2oc(-c3ccc(O)c(O)c3)cc12,18160.0,0
783,784,C=C1CC[C@]2(C(=O)O)CC[C@]3(C)C(=CC[C@@H]4[C@@]5(C)CC[C@H](O[C@@H]6OC[C@H](O)[C@H](O)[C@H]6O[C@@H]6O[C@@H](C)[C@H](O)[C@@H](O)[C@H]6O)C(C)(C)[C@@H]5CC[C@]43C)[C@@H]2C1,18500.0,0
784,785,O=c1cc(-c2cccc(Cl)c2Cl)oc2ccc3ccccc3c12,18580.0,0
785,786,C[N+](C)(C)Cc1cc(O)c2c(c1)C(=O)c1cccc(O)c1C2=O.[Cl-],18670.0,0
786,787,COc1ccc(-c2cc(=O)c3ccc4ccccc4c3o2)cc1,18900.0,0
787,788,CC(=O)N1N=C(c2ccco2)CC1c1ccc(C)cc1,19200.0,0
788,789,CCCCCCCCOc1ccc(NC(=O)c2ccncc2)cc1C#N,19200.0,0
789,790,CCCOC(=O)/C=C/c1ccc(O)c2oc(-c3ccc(O)c(O)c3)cc12,19310.0,0
790,791,O=c1cc(-c2ccccc2I)oc2c1ccc1ccccc12,19400.0,0
791,792,CC(=O)NC(CC(=O)c1cc(C)sc1C)c1cccc([N+](=O)[O-])c1,19800.0,0
792,793,O=c1cc(-c2ccccc2)oc2ccc3ccccc3c12,20000.0,0
793,794,O=c1cc(-c2ccccc2)oc2c1ccc1ccccc12,20000.0,0
794,795,COc1ccc(-c2cc(=O)c3c(ccc4ccccc43)o2)cc1,20000.0,0
795,796,O=c1cc(-c2cccc([N+](=O)[O-])c2)oc2ccc3ccccc3c12,20000.0,0
796,797,O=c1cc(-c2cccc(Br)c2)oc2c1ccc1ccccc12,20000.0,0
797,798,O=c1cc(-c2cccc(Cl)c2)oc2c1ccc1ccccc12,20000.0,0
798,799,O=c1cc(-c2cc([N+](=O)[O-])cc([N+](=O)[O-])c2)oc2ccc3ccccc3c12,20000.0,0
799,800,O=c1cc(-c2cccc(F)c2)oc2c1ccc1ccccc12,20000.0,0
800,801,O=c1cc(-c2cccc(F)c2)oc2ccc3ccccc3c12,20000.0,0
801,802,Cc1ccc(-c2cc(=O)c3ccc4ccccc4c3o2)cc1,20000.0,0
802,803,O=c1cc(-c2cccc(Cl)c2)oc2ccc3ccccc3c12,20000.0,0
803,804,O=c1cc(-c2cc([N+](=O)[O-])cc([N+](=O)[O-])c2)oc2c1ccc1ccccc12,20000.0,0
804,805,O=c1cc(-c2ccccc2I)oc2ccc3ccccc3c12,20000.0,0
805,806,Cc1ccc(-c2cc(=O)c3c(ccc4ccccc43)o2)cc1,20000.0,0
806,807,O=c1cc(-c2cccc([N+](=O)[O-])c2)oc2c1ccc1ccccc12,20000.0,0
807,808,O=c1cc(-c2cccc(Br)c2)oc2ccc3ccccc3c12,20000.0,0
808,809,O=c1cc(-c2cccc(Cl)c2Cl)oc2c1ccc1ccccc12,20000.0,0
809,810,Brc1nc(-c2cccnc2)[nH]c1Br,20000.0,0
810,811,CCOC(=O)c1cc(-c2nc(-c3ccnc(C)c3)n[nH]2)ccc1OCC(C)C,20000.0,0
811,812,O=c1c2cc(O)c(O)cc2oc2cc(O)cc(OCc3ccc(Br)cc3)c12,20060.0,0
812,813,Cc1cccc(C(=O)Nc2cccc(C(=O)/C=C/c3ccc4c(c3)c3ccccc3n4C)c2)c1,20700.0,0
813,814,Cc1cc(-c2n[nH]c(-c3ccc(OCCOCCOCCCl)c(C#N)c3)n2)ccn1,21000.0,0
814,815,COc1cc(O)c2c(=O)c(OC)c(-c3cc(O)c(OC)c(OC)c3)oc2c1,21030.0,0
815,816,COc1cccc(/C=N/NC(=O)c2ccncc2)c1O,21100.0,0
816,817,O=C(/C=C/c1ccc(O)c2oc(-c3ccc(O)c(O)c3)cc12)N1CCCCC1,21240.0,0
817,818,COc1ccc(C2CC(c3ccco3)=NN2C(C)=O)cc1,21300.0,0
818,819,N#Cc1cn(CC2CC2)c2ccc(-n3cc(C(=O)O)c(C(F)(F)F)n3)cc12,21300.0,0
819,820,O=Cc1cc(F)ccc1OCc1cn(Cc2ccccc2)nn1,21500.0,0
820,821,CC(=O)NC(CC(=O)c1cc(C)sc1C)c1ccc(Cl)cc1,21700.0,0
821,822,O=c1c2cc(O)c(O)cc2oc2cc(O)cc(O)c12,21730.0,0
822,823,CC(=O)NC(CC(=O)c1cc(Cl)cs1)c1ccc(Cl)cc1,22000.0,0
823,824,O=C1CC(c2ccc(O)c(O)c2)Oc2c1c(O)cc(O)c2[C@@H]1C(=O)c2c(O)cc(O)cc2O[C@H]1c1ccc(O)cc1,22300.0,0
824,825,N#Cc1cc(NC(=O)c2ccccn2)ccc1OCc1ccccc1,22600.0,0
825,826,Cc1c(/N=N/c2cccc(=O)c(O)c2)cccc1[N+](=O)[O-],23000.0,0
826,827,CC(=O)N1N=C(c2ccco2)CC1c1ccc(N(C)C)cc1,23000.0,0
827,828,COC(=O)C1=C(C)Oc2ccc3ccccc3c2C1c1ccc(O)cc1,23980.0,0
828,829,COCOc1ccc(-c2nc(-c3ccnc(C)c3)n[nH]2)cc1C#N,24000.0,0
829,830,COCCOCOc1ccc(-c2nc(-c3ccnc(C)c3)n[nH]2)cc1C#N,24000.0,0
830,831,COc1ccc(Nc2ncnc3c2C(c2ccccc2OC)C2=C(CCCC2=O)O3)cc1,24000.0,0
831,832,COc1ccc(Nc2ncnc3c2C(c2ccc(OC)cc2)c2c(c(=O)oc4ccccc24)O3)cc1,24000.0,0
832,833,CC(C)OC(=O)/C=C/c1ccc(O)c2oc(-c3ccc(O)c(O)c3)cc12,24170.0,0
833,834,COc1ccc(OC)c(C(CC(=O)c2cc(Cl)cs2)NC(C)=O)c1,25000.0,0
834,835,COc1ccc(Nc2ncnc3c2C(c2ccc(OC)cc2)C2=C(CCCC2=O)O3)cc1,25000.0,0
835,836,Cn1c2ccccc2c2cc(/C=C/C(=O)c3cccc(NC(=O)c4ccc(F)cc4)c3)ccc21,25800.0,0
836,837,CC(=O)NC(CC(=O)c1ccco1)c1ccccc1,26000.0,0
837,838,CCCCOCCOCCOc1ccc(-c2nc(-c3ccnc(C)c3)n[nH]2)cc1C#N,26000.0,0
838,839,COCCOc1ccc(-n2cc(C(=O)O)nn2)cc1C#N,26130.0,0
839,840,CC(=O)NC(CC(=O)c1ccccc1)c1cccc([N+](=O)[O-])c1,26200.0,0
840,841,CC(=O)N1N=C(c2ccco2)CC1c1ccccc1,26400.0,0
841,842,COc1cc(C2CC(c3ccco3)=NN2C(C)=O)ccc1O,26800.0,0
842,843,O=C(/C=C/c1cccc(O)c1)c1ccc(O)cc1O,27000.0,0
843,844,CC(=O)NC(CC(=O)c1cccs1)c1ccccc1,27000.0,0
844,845,CC(=O)NC(CC(=O)c1ccccc1)c1ccc(Cl)cc1,27100.0,0
845,846,CC(=O)N1N=C(c2ccco2)CC1c1cccc(O)c1,27200.0,0
846,847,COc1ccc(OC)c(C2CC(c3ccco3)=NN2C(C)=O)c1,27300.0,0
847,848,COc1ccc(Nc2ncnc3c2C(c2ccc(O)cc2)C2=C(CCCC2=O)O3)cc1,28000.0,0
848,849,CC(=O)N1N=C(c2ccco2)CC1c1ccc2c(c1)OCO2,28100.0,0
849,850,CC(=O)NC(CC(=O)c1ccccc1)c1cccc(Br)c1,28100.0,0
850,851,CC(=O)NC(CC(=O)c1ccccc1)c1ccc([N+](=O)[O-])cc1,28500.0,0
851,852,COc1cc(C2CC(c3ccco3)=NN2C(C)=O)cc(OC)c1OC,28700.0,0
852,853,CC(=O)NC(CC(=O)c1ccccc1)c1ccc(C#N)cc1,29000.0,0
853,854,COc1ccc(Nc2ncnc3c2C(c2ccccc2OC)c2c(c(=O)oc4ccccc24)O3)cc1,29000.0,0
854,855,CC(C)n1cc(C#N)c2cc(-n3cc(C(=O)O)c(C(F)(F)F)n3)ccc21,29200.0,0
855,856,COc1ccc(C2CC(c3ccco3)=NN2C(C)=O)cc1OC,29400.0,0
856,857,Cc1nc(O)cc(-c2ccc(OCC(C)C)c(C#N)c2)n1,30000.0,0
857,858,CCCOc1ccc(-n2cc(C(=O)O)nn2)cc1C#N,30000.0,0
858,859,COc1ccc(Nc2ncnc3c2C(c2cccc(O)c2)C2=C(CCCC2=O)O3)cc1,30000.0,0
859,860,COc1ccc(Nc2ncnc3c2C(c2ccc(O)cc2)c2c(c(=O)oc4ccccc24)O3)cc1,30000.0,0
860,861,COc1cc(OC)c(C2CC(c3ccco3)=NN2C(C)=O)cc1OC,30200.0,0
861,862,COc1ccc(-c2cc(O)nc(N)n2)cc1OC,30250.0,0
862,863,Cn1c2ccccc2c2cc(/C=C/C(=O)c3cccc(NC(=O)c4ccccc4Cl)c3)ccc21,30300.0,0
863,864,O=Cc1ccc(OCc2cn(Cc3ccc4c(c3)C(=O)c3ccccc3C4=O)nn2)cc1,30500.0,0
864,865,COCCOCCOc1ccc(-c2nc(-c3ccnc(C)c3)n[nH]2)cc1C#N,31000.0,0
865,866,COc1c(-c2ccc(O)c(O)c2)oc2cc(O)cc(O)c2c1=O,31600.0,0
866,867,O=c1c(O)c(-c2ccc(O)c(O)c2)oc2cc(O)cc(O)c12,31900.0,0
867,868,CC(=O)Nc1cccc(C(=O)CC(NC(C)=O)c2cccc([N+](=O)[O-])c2)c1,32000.0,0
868,869,CC(=O)N1N=C(c2cccc3ccccc23)CC1c1ccc([N+](=O)[O-])cc1,32200.0,0
869,870,CC(=O)NC(CC(=O)c1ccccc1)c1ccccc1[N+](=O)[O-],32300.0,0
870,871,N#Cc1cc(NC(=O)c2cccnc2)ccc1OCc1ccccc1,32800.0,0
871,872,CC(C)COc1ccc(-c2n[nH]c(-c3ccncc3)n2)cc1[N+](=O)[O-],33700.0,0
872,873,CC(=O)N1N=C(c2cccc3ccccc23)CC1c1cccc(Cl)c1Cl,34200.0,0
873,874,COc1cc(-c2oc3cc(O)cc(O)c3c(=O)c2OS(=O)(=O)[O-])ccc1O.[K+],34600.0,0
874,875,N#Cc1nc(-c2cccnc2)[nH]c1C#N,35000.0,0
875,876,O=C(/C=C/c1ccc(O)c(O)c1)c1c(O)cccc1O,35000.0,0
876,877,CC(C)CCOc1ccc(NC(=O)c2cccnc2)cc1C#N,35000.0,0
877,878,COc1ccc(Nc2ncnc3c2C(c2cccc(C)c2)C2=C(CCCC2=O)O3)cc1,35000.0,0
878,879,COc1ccc(Nc2ncnc3c2C(c2cccc(O)c2)c2c(c(=O)oc4ccccc24)O3)cc1,35000.0,0
879,880,O=c1cc(-c2ccc(O)c(-c3c(O)cc(O)c4c(=O)cc(-c5ccc(O)cc5)oc34)c2)oc2cc(O)cc(O)c12,35300.0,0
880,881,COc1c(-c2ccc(O[C@@H]3O[C@H](CO)[C@@H](O)[C@H](O)[C@H]3O)c(O)c2)oc2cc(O)cc(O)c2c1=O,35600.0,0
881,882,CC(=O)N1N=C(c2cccc3ccccc23)CC1c1cccc([N+](=O)[O-])c1,36400.0,0
882,883,COC(=O)C1=C(C)Oc2ccc3ccccc3c2C1c1ccc(OC)cc1,36480.0,0
883,884,COc1ccc(Nc2ncnc3c2C(c2cccc(C)c2)c2c(c(=O)oc4ccccc24)O3)cc1,37000.0,0
884,885,CC(=O)N1N=C(c2cccc3ccccc23)CC1c1ccccc1[N+](=O)[O-],37200.0,0
885,886,CC(=O)NC(CC(=O)c1ccccc1)c1ccccc1,38300.0,0
886,887,O=C(CCc1ccc(O)c2oc(-c3ccc(O)c(O)c3)cc12)Nc1ccc(O)cc1,38590.0,0
887,888,CC(=O)N1N=C(c2cccc3ccccc23)CC1c1cccc(Br)c1,38700.0,0
888,889,COc1ccc(Nc2ncnc3c2C(c2ccccc2)C2=C(CCCC2=O)O3)cc1,40000.0,0
889,890,COc1ccc(Nc2ncnc3c2C(c2cc(OC)c(OC)c(OC)c2)C2=C(CCCC2=O)O3)cc1,40000.0,0
890,891,FC(F)(F)c1cnc(-c2cccnc2)[nH]1,40000.0,0
891,892,CC(=O)NC(CC(=O)c1cccc2ccccc12)c1ccccc1,40000.0,0
892,893,Cc1cc(-c2n[nH]c(-c3ccc(OCCO)c(C#N)c3)n2)ccn1,40000.0,0
893,894,COc1ccc(Nc2ncnc3c2C(c2ccccc2)c2c(c(=O)oc4ccccc24)O3)cc1,40000.0,0
894,895,CC(=O)NC(CC(=O)c1ccc(Cl)cc1)c1ccc(Cl)cc1,41000.0,0
895,896,CC(=O)N1N=C(c2cccc3ccccc23)CC1c1ccccc1,41300.0,0
896,897,CC(=O)Nc1cccc(C(=O)CC(NC(C)=O)c2ccc(Cl)cc2)c1,41800.0,0
897,898,COc1ccc(Nc2ncnc3c2C(c2cc(OC)c(OC)c(OC)c2)c2c(c(=O)oc4ccccc24)O3)cc1,42000.0,0
898,899,CC(=O)NC(CC(=O)c1ccc(Cl)cc1)c1ccccc1,42000.0,0
899,900,COc1ccc(NC(=O)/C=C/c2ccc(O)c3oc(-c4ccc(O)c(O)c4)cc23)cc1,42190.0,0
900,901,CC(=O)NC(CC(=O)c1cccc2ccccc12)c1cccc(Br)c1,42200.0,0
901,902,Cn1c2ccccc2c2cc(/C=C/C(=O)c3cccc(NC(=O)c4ccccc4)c3)ccc21,42700.0,0
902,903,Cc1cc(-c2n[nH]c(-c3ccc(O)c(C#N)c3)n2)ccn1,43000.0,0
903,904,COc1ccc(OC)c(C(CC(=O)c2cccc(NC(C)=O)c2)NC(C)=O)c1,43200.0,0
904,905,COc1ccc(C2CC(c3cccc4ccccc34)=NN2C(C)=O)cc1,43500.0,0
905,906,O=C(CC(NC(=O)c1ccccc1)c1cccc([N+](=O)[O-])c1)c1ccccc1,43600.0,0
906,907,COc1ccc(OC)c(C(CC(=O)c2ccccc2)NC(C)=O)c1,44000.0,0
907,908,CC(=O)NC(CC(=O)c1cccc2ccccc12)c1cccc([N+](=O)[O-])c1,44000.0,0
908,909,COc1ccc(C(CC(=O)c2ccccc2)NC(C)=O)cc1OC,44300.0,0
909,910,CCOC(=O)C1=C(C)Oc2ccc3ccccc3c2C1c1ccccc1,44440.0,0
910,911,CC(=O)NC(CC(=O)c1ccc(Cl)cc1)c1ccc(C)cc1,44600.0,0
911,912,COc1ccc(OC)c(C2CC(c3cccc4ccccc34)=NN2C(C)=O)c1,44800.0,0
912,913,COc1cccc(/N=N/c2cccc(=O)c(O)c2)c1,45000.0,0
913,914,O=c1cccc(/N=N/c2ccccc2)cc1O,45000.0,0
914,915,COc1ccc(C(CC(=O)c2ccccc2)NC(C)=O)cc1,45000.0,0
915,916,CC(C)(C)NC(=O)/C=C/c1ccc(O)c2oc(-c3ccc(O)c(O)c3)cc12,45180.0,0
916,917,CC(=O)NC(CC(=O)c1ccc([N+](=O)[O-])cc1)c1ccc(Cl)cc1,45400.0,0
917,918,COc1ccc(C2CC(c3cccc4ccccc34)=NN2C(C)=O)cc1OC,45600.0,0
918,919,COc1cc(C2CC(c3cccc4ccccc34)=NN2C(C)=O)ccc1O,45700.0,0
919,920,COc1ccc(C(CC(=O)c2ccccc2)NC(C)=O)c(OC)c1OC,46100.0,0
920,921,COc1cc(OC)c(C2CC(c3cccc4ccccc34)=NN2C(C)=O)cc1OC,46200.0,0
921,922,O=Cc1cc(Cl)ccc1OCc1cn(Cc2ccc3c(c2)C(=O)c2ccccc2C3=O)nn1,46500.0,0
922,923,C=CCNC(=O)CCc1ccc(O)c2oc(-c3ccc(O)c(O)c3)cc12,46790.0,0
923,924,CC(=O)N1N=C(c2cccc3ccccc23)CC1c1ccc2c(c1)OCO2,47000.0,0
924,925,O=C(/C=C/c1ccc(O)cc1)c1ccc(O)cc1O,47300.0,0
925,926,CC(=O)NC(CC(=O)c1ccc([N+](=O)[O-])cc1)c1ccccc1,48000.0,0
926,927,COc1cc(C(CC(=O)c2ccccc2)NC(C)=O)cc(OC)c1OC,48200.0,0
927,928,Cn1c2ccccc2c2cc(/C=C/C(=O)c3cccc(N)c3)ccc21,48500.0,0
928,929,C[C@]1(C(=O)O)C[C@H]2C3=CC[C@@H]4[C@@]5(C)CC[C@H](O)[C@](C)(CO[C@@H]6O[C@H](CO)[C@@H](O)[C@H](O)[C@H]6O)[C@@H]5CC[C@@]4(C)[C@]3(C)CC[C@@]2(C(=O)O)C[C@@H]1O,49200.0,0
929,930,COc1cc(C2CC(c3cccc4ccccc34)=NN2C(C)=O)cc(OC)c1OC,49500.0,0
930,931,COc1ccc(Nc2ncnc3c2C(c2ccc(F)cc2)c2c(c(=O)oc4ccccc24)O3)cc1,50000.0,0
931,932,COc1ccc(Nc2ncnc3c2C(c2ccc(F)cc2)C2=C(CCCC2=O)O3)cc1,50000.0,0
932,933,Cc1ccc(NC(=O)/C=C/c2ccc(O)c3oc(-c4ccc(O)c(O)c4)cc23)cc1,51280.0,0
933,934,CC(=O)N1N=C(c2ccc(Br)cc2)CC1c1cccc(Cl)c1Cl,51700.0,0
934,935,COc1ccc(Nc2ncnc3c2C(c2cccc(Cl)c2)C2=C(CCCC2=O)O3)cc1,52000.0,0
935,936,COc1ccc(C(CC(=O)c2ccc([N+](=O)[O-])cc2)NC(C)=O)cc1,52600.0,0
936,937,O=C(/C=C/c1ccc(O)c(O)c1)c1ccccc1,53000.0,0
937,938,CC(=O)NC(CC(=O)c1ccccc1)c1ccc2ccccc2c1,53000.0,0
938,939,COc1ccc(Nc2ncnc3c2C(c2cccc(Cl)c2)c2c(c(=O)oc4ccccc24)O3)cc1,54000.0,0
939,940,CCOc1cccc(/C=N/NC(=O)c2ccncc2)c1O,54800.0,0
940,941,COc1ccc(Nc2ncnc3c2C(c2ccc(Cl)cc2)C2=C(CCCC2=O)O3)cc1,55000.0,0
941,942,CC(=O)N1N=C(c2ccccc2)CC1c1cccc(Cl)c1Cl,55100.0,0
942,943,COc1ccc(Nc2ncnc3c2C(c2ccc(Cl)cc2)c2c(c(=O)oc4ccccc24)O3)cc1,56000.0,0
943,944,O=C(/C=C/c1ccccc1O)c1ccc(O)cc1O,56800.0,0
944,945,COc1cc(/N=N/c2cccc(=O)c(O)c2)cc(OC)c1OC,57000.0,0
945,946,Cn1c2ccccc2c2cc(/C=C/C(=O)c3cccc(NC(=O)c4ccc(C(C)(C)C)cc4)c3)ccc21,57100.0,0
946,947,CC(=O)N1N=C(c2cccc([N+](=O)[O-])c2)CC1c1cccc(Cl)c1Cl,58000.0,0
947,948,COc1ccc(Nc2ncnc3c2C(c2ccc(Br)cc2)C2=C(CCCC2=O)O3)cc1,58000.0,0
948,949,O=C(CC(NC(=O)c1ccccc1)c1ccccc1)c1ccccc1,58100.0,0
949,950,CC(=O)NC(CC(=O)c1ccccc1)c1cccc2ccccc12,59000.0,0
950,951,COc1ccc(Nc2ncnc3c2C(c2cccc([N+](=O)[O-])c2)C2=C(CCCC2=O)O3)cc1,60000.0,0
951,952,COc1ccc(Nc2ncnc3c2C(c2ccc(O)c(OC)c2)c2c(n[nH]c2C)O3)cc1,60000.0,0
952,953,Cc1cc(-c2n[nH]c(-c3ccc(OCC4COC(C)(C)O4)c(C#N)c3)n2)ccn1,60000.0,0
953,954,COc1ccc(Nc2ncnc3c2C(c2ccc(Br)cc2)c2c(c(=O)oc4ccccc24)O3)cc1,60000.0,0
954,955,CC(=O)N1N=C(c2ccccc2)CC1c1ccccc1,61400.0,0
955,956,CC(=O)NC(CC(=O)c1ccccc1)c1ccco1,63000.0,0
956,957,COc1ccc(Nc2ncnc3c2C(c2ccc(OC)c(OC)c2)c2c(n[nH]c2C)O3)cc1,64000.0,0
957,958,COCCOc1ccc(-c2nc(-c3ccnc(C)c3)n[nH]2)cc1C#N,64000.0,0
958,959,COc1ccc(Nc2ncnc3c2C(c2ccc([N+](=O)[O-])cc2)c2c(c(=O)oc4ccccc24)O3)cc1,64000.0,0
959,960,COc1ccc(C2CC(c3ccc(Br)cc3)=NN2C(C)=O)cc1OC,64100.0,0
960,961,COc1ccc(Nc2ncnc3c2C(c2cccc([N+](=O)[O-])c2)c2c(c(=O)oc4ccccc24)O3)cc1,65000.0,0
961,962,CC(=O)NC(CC(=O)c1ccccc1)c1cccs1,65000.0,0
962,963,CC(=O)N1N=C(c2ccc(Br)cc2)CC1c1ccc2c(c1)OCO2,66300.0,0
963,964,COc1ccc(C2CC(c3ccc(Br)cc3)=NN2C(C)=O)cc1,66500.0,0
964,965,COc1ccc(Nc2ncnc3c2C(c2ccc([N+](=O)[O-])cc2)C2=C(CCCC2=O)O3)cc1,67000.0,0
965,966,COc1ccc(Nc2ncnc3c2C(c2ccc(O)c(O)c2)c2c(n[nH]c2C)O3)cc1,68000.0,0
966,967,CC(=O)Nc1cccc(C(=O)CC(/C=C/c2ccccc2)NC(C)=O)c1,69200.0,0
967,968,CC(=O)N1N=C(c2ccccc2)CC1c1ccc2c(c1)OCO2,70800.0,0
968,969,O=C(/C=C/c1ccccc1)c1ccccc1O,71300.0,0
969,970,CC(=O)N1N=C(c2ccc(Br)cc2)CC1c1ccccc1,71300.0,0
970,971,COc1ccc(C2CC(c3cccc([N+](=O)[O-])c3)=NN2C(C)=O)cc1,73300.0,0
971,972,CC(=O)N1N=C(c2ccccc2)CC1c1ccc(N(C)C)cc1,73600.0,0
972,973,COc1cc(C2CC(c3ccc(Br)cc3)=NN2C(C)=O)cc(OC)c1OC,74900.0,0
973,974,COc1ccc(C2CC(c3cccc([N+](=O)[O-])c3)=NN2C(C)=O)cc1OC,75200.0,0
974,975,O=c1cc(-c2ccc(O)c(O)c2)oc2cc(O[C@@H]3O[C@H](CO)[C@@H](O)[C@H](O)[C@H]3O)cc(O)c12,75900.0,0
975,976,CC(=O)N1N=C(c2cccc([N+](=O)[O-])c2)CC1c1ccc2c(c1)OCO2,76100.0,0
976,977,COc1ccc(C2CC(c3ccccc3)=NN2C(C)=O)cc1,76200.0,0
977,978,CC(=O)NC(/C=C/c1ccccc1)CC(=O)c1ccccc1,78300.0,0
978,979,CC(=O)N1N=C(c2cccc([N+](=O)[O-])c2)CC1c1ccccc1,79100.0,0
979,980,O=C(/C=C/c1ccc(O)cc1)c1ccccc1O,79400.0,0
980,981,Cn1c2ccccc2c2cc(/C=C/C(=O)c3cccc(NC(=O)c4ccccc4F)c3)ccc21,79500.0,0
981,982,C=C1CC[C@]2(C(=O)O[C@@H]3O[C@H](CO[C@@H]4O[C@H](CO)[C@@H](O)[C@H](O)[C@H]4O)[C@@H](O)[C@H](O)[C@H]3O)CC[C@]3(C)C(=CC[C@@H]4[C@@]5(C)CC[C@H](O[C@@H]6OC[C@H](O)[C@H](O)[C@H]6O)[C@@](C)(CO)[C@@H]5CC[C@]43C)[C@@H]2C1,79600.0,0
982,983,COC(=O)c1cccc(/N=N/c2cccc(=O)c(O)c2)c1,80000.0,0
983,984,COc1cc(C2CC(c3ccccc3)=NN2C(C)=O)ccc1O,81200.0,0
984,985,COc1ccc(C2CC(c3ccccc3)=NN2C(C)=O)cc1OC,83700.0,0
985,986,O=C(/C=C/c1ccc(O)c2oc(-c3ccc(O)c(O)c3)cc12)Nc1ccc(F)cc1,83810.0,0
986,987,COc1cc(C2CC(c3ccccc3)=NN2C(C)=O)cc(OC)c1OC,86400.0,0
987,988,O=C(/C=C/c1ccccc1O)c1ccccc1O,87400.0,0
988,989,Cn1c2ccccc2c2cc(/C=C/C(=O)c3cccc(NC(=O)c4cccc(Br)c4)c3)ccc21,88200.0,0
989,990,O=C(/C=C/c1cccc(O)c1)c1cccc(O)c1,88300.0,0
990,991,C=C1CC[C@]2(C(=O)O[C@@H]3O[C@H](CO[C@@H]4O[C@H](CO)[C@@H](O[C@@H]5O[C@@H](C)[C@H](O)[C@@H](O)[C@H]5O)[C@H](O)[C@H]4O)[C@@H](O)[C@H](O)[C@H]3O)CC[C@]3(C)C(=CC[C@@H]4[C@@]5(C)CC[C@H](O[C@@H]6OC[C@H](O)[C@H](O[C@@H]7O[C@H](C(=O)O)[C@@H](O)[C@H](O)[C@H]7O)[C@H]6O)[C@@](C)(CO)[C@@H]5CC[C@]43C)[C@@H]2C1,91300.0,0
991,992,CC(=O)N1N=C(c2ccco2)CC1c1ccc2ccccc2c1,91400.0,0
992,993,C[N+](=O)C(CC(=O)c1ccccc1)c1c2ccccc2cc2ccccc12,91600.0,0
993,994,O=C(/C=C/c1cccc(O)c1)c1ccccc1O,91800.0,0
994,995,O=C(/C=C/c1cccc(O)c1O)c1ccc(O)c(O)c1,93000.0,0
995,996,O=C1c2c(O)cc(O)cc2O[C@H](c2ccc(O)cc2)[C@H]1O,93800.0,0
996,997,C[C@@H]1O[C@@H](O[C@@H]2[C@@H](O[C@H]3CC[C@@]4(C)[C@@H](CC[C@]5(C)[C@@H]4CC=C4[C@@H]6C[C@H](CO)CC[C@]6(C(=O)O[C@H]6O[C@@H](CO[C@@H]7O[C@H](CO)[C@@H](O[C@@H]8O[C@@H](C)[C@H](O)[C@@H](O)[C@H]8O)[C@H](O)[C@H]7O)[C@H](O)[C@@H](O)[C@@H]6O)CC[C@]45C)C3(C)C)OC[C@@H](O)[C@H]2O)[C@H](O)[C@H](O)[C@H]1O,100000.0,0
997,998,C=C1CC[C@]2(C(=O)O[C@H]3O[C@@H](CO[C@H]4O[C@@H](CO)[C@H](O)[C@@H](O)[C@@H]4O)[C@H](O)[C@@H](O)[C@@H]3O)CC[C@]3(C)C(=CC[C@@H]4[C@@]5(C)CC[C@H](O[C@H]6OC[C@@H](O)[C@@H](O)[C@@H]6O[C@@H]6O[C@@H](C)[C@H](O)[C@@H](O[C@H]7OC[C@@H](O)[C@@H](O)[C@@H]7O)[C@H]6O)C(C)(C)[C@@H]5CC[C@]43C)[C@@H]2C1,100000.0,0
998,999,O=C(CCc1ccc(O)c2oc(-c3ccc(O)c(O)c3)cc12)N1CCOCC1,100000.0,0
999,1000,COc1ccc(-c2cc(OC)nc(N)n2)cc1,100000.0,0
1000,1001,COc1ccc(-c2cc(O)nc(O)n2)cc1,100000.0,0
1001,1002,C=C1CC[C@]2(C(=O)O[C@@H]3O[C@H](CO[C@@H]4O[C@H](CO)[C@@H](O)[C@H](O)[C@H]4O)[C@@H](O)[C@H](O)[C@H]3O)CC[C@]3(C)C(=CC[C@@H]4[C@@]5(C)CC[C@H](O[C@@H]6OC[C@H](O)[C@H](O[C@@H]7OC[C@H](O)[C@H](O)[C@H]7O)[C@H]6O)C(C)(C)[C@@H]5CC[C@]43C)[C@@H]2C1,100000.0,0
1002,1003,O=C(/C=C/c1ccc(O)c2oc(-c3ccc(O)c(O)c3)cc12)Nc1ccc(Br)cc1,100000.0,0
1003,1004,Cc1ccccc1C(=O)Nc1cccc(C(=O)/C=C/c2ccc3c(c2)c2ccccc2n3C)c1,100000.0,0
1004,1005,c1ccc(C2=NNC(c3ccccc3)C2)cc1,100000.0,0
1005,1006,COc1ccc(-c2cc(C#N)nc(NN)n2)cc1,100000.0,0
1006,1007,COc1ccc(-c2cc(N)nc(N)n2)cc1,100000.0,0
1007,1008,CC(=O)N1N=C(c2cccc3ccccc23)CC1c1ccc2ccccc2c1,100000.0,0
1008,1009,COc1ccc(-c2cc(Cl)nc(Cl)n2)cc1,100000.0,0
1009,1010,Cn1c2ccccc2c2cc(/C=C/C(=O)c3cccc(NC(=O)c4ccco4)c3)ccc21,100000.0,0
1010,1011,COc1ccc(-c2cc(C(F)(F)F)nc(N)n2)cc1,100000.0,0
1011,1012,Cn1c2ccccc2c2cc(/C=C/C(=O)c3cccc(NC(=O)c4cccs4)c3)ccc21,100000.0,0
1012,1013,CC(=O)Nc1cccc(C(=O)/C=C/c2ccc3c(c2)c2ccccc2n3C)c1,100000.0,0
1013,1014,COc1ccc(-c2ccnc(N)n2)cc1,100000.0,0
1014,1015,C=C1CC[C@@]2(C(=O)O[C@@H]3O[C@H](CO[C@@H]4O[C@H](CO)[C@@H](O)[C@H](O)[C@H]4O)[C@@H](O)[C@H](O)[C@H]3O)CC[C@@]3(C)C(=CC[C@H]4[C@]5(C)CC[C@@H](O[C@@H]6OC[C@H](O)[C@H](O)[C@H]6O[C@@H]6OC[C@H](O)[C@H](O[C@H]7OC[C@@H](O)[C@@H](O)[C@@H]7O)[C@H]6O)C(C)(C)[C@H]5CC[C@@]43C)[C@H]2C1,100000.0,0
1015,1016,C=C1CC[C@]2(C(=O)O[C@H]3O[C@@H](CO[C@@H]4O[C@H](CO)[C@@H](O[C@@H]5O[C@@H](C)[C@H](O)[C@@H](O)[C@H]5O)[C@H](O)[C@H]4O)[C@H](O)[C@@H](O)[C@@H]3O)CC[C@]3(C)C(=CC[C@@H]4[C@@]5(C)CC[C@H](O[C@H]6OC[C@@H](O)[C@@H](O[C@H]7OC[C@@H](O)[C@@H](O)[C@@H]7O[C@@H]7OC[C@@H](O)[C@H](O[C@H]8OC[C@@H](O)[C@@H](O)[C@@H]8O)[C@H]7O)[C@@H]6O)C(C)(C)[C@@H]5CC[C@]43C)[C@@H]2C1,100000.0,0
1016,1017,C[C@]1(C(=O)O)C[C@H]2C3=CC[C@@H]4[C@@]5(C)C[C@@H](O)[C@H](O)[C@](C)(CO)[C@@H]5CC[C@@]4(C)[C@]3(C)CC[C@@]2(C(=O)O)C[C@@H]1O,100000.0,0
1017,1018,COc1ccc(-c2cc(NS(C)(=O)=O)nc(N)n2)cc1,100000.0,0
1018,1019,O=C(/C=C/c1ccc(O)c2oc(-c3ccc(O)c(O)c3)cc12)N1CCOCC1,100000.0,0
1019,1020,O=C(/C=C/c1ccc(O)c2oc(-c3ccc(O)c(O)c3)cc12)Nc1ccc(Cl)cc1,100000.0,0
1020,1021,Cc1cc(-c2n[nH]c(-c3ccc(OCC(=O)O)c(C#N)c3)n2)ccn1,110000.0,0
1021,1022,O=C(/C=C/c1ccc(O)cc1)c1cccc(O)c1,133000.0,0
1022,1023,O=C(/C=C/c1ccccc1O)c1ccccc1,145000.0,0
1023,1024,O=C(/C=C/c1ccc(O)cc1)c1ccccc1,159000.0,0
1024,1025,O=C(N/N=C/c1cc(O)cc(O)c1)c1cccnc1,161000.0,0
1025,1026,O=C(/C=C/c1ccccc1)c1cccc(O)c1,165000.0,0
1026,1027,O=C(N/N=C/c1cccc([N+](=O)[O-])c1)c1ccncc1,173560.0,0
1027,1028,O=C(N/N=C/c1ccccc1F)c1cccnc1,173800.0,0
1028,1029,COc1cccc(/C=N/NC(=O)c2cccnc2)c1O,175500.0,0
1029,1030,COc1c(O)cc(O)c2c(=O)cc(-c3ccccc3)oc12,176100.0,0
1030,1031,O=C(N/N=C/c1ccc(Cl)cc1)c1ccncc1,179300.0,0
1031,1032,Cc1ccccc1/C=N/NC(=O)c1cccnc1,180300.0,0
1032,1033,O=C(N/N=C/c1cccc([N+](=O)[O-])c1)c1cccnc1,183700.0,0
1033,1034,O=C(N/N=C/c1ccc(O)cc1)c1cccnc1,183700.0,0
1034,1035,O=C(N/N=C/c1ccc(Cl)cc1)c1cccnc1,195000.0,0
1035,1036,O=C(N/N=C/c1ccccc1Br)c1cccnc1,197600.0,0
1036,1037,O=C(N/N=C/c1cccc(Cl)c1)c1cccnc1,205100.0,0
1037,1038,O=C(N/N=C/c1cccc(Cl)c1)c1ccncc1,206000.0,0
1038,1039,O=C(N/N=C/c1ccccc1)c1cccnc1,210700.0,0
1039,1040,O=C(/C=C/c1cccc(O)c1)c1ccccc1,228000.0,0
1040,1041,CCOc1ccc(/C=N/NC(=O)c2cccnc2)cc1,242000.0,0
1041,1042,CCOc1cccc(/C=N/NC(=O)c2cccnc2)c1O,264000.0,0
1042,1043,CCOc1ccc(/C=N/NC(=O)c2ccncc2)cc1,330400.0,0
1043,1044,CC(C)COc1ccc(-c2nc(-c3cccnc3)n[nH]2)cc1[N+](=O)[O-],5900000.0,0
1044,1045,Cc1cc(-c2n[nH]c(-c3ccc(OCC(C)C)c(C(=O)O)c3)n2)ccn1,10000000.0,0
1045,1046,COc1cc(-c2n[nH]c(-c3ccc(OCC(C)C)c([N+](=O)[O-])c3)n2)ccn1,10000000.0,0
1046,1047,Cc1cc(-c2n[nH]c(-c3ccc(OCC(C)C)c([N+](=O)[O-])c3)n2)cc(Cl)n1,10000000.0,0
1047,1048,CC(C)COc1ccc(-c2nc(-c3ccccn3)n[nH]2)cc1[N+](=O)[O-],10000000.0,0
1048,1049,CC(=CCCC(C)(C1CCC(=C)CC1)O)C,10000000.0,0
1049,1050,CC1=CCC(CC1)C(C)(CCC=C(C)C)O,10000000.0,0
1050,1051,CC12CCCC(=C)C1CC(CC2)C(=C)CO,10000000.0,0
1051,1052,CC(=CCCC(=C)C=C)C,10000000.0,0
1052,1053,CC(=CCCC(C)(C=C)O)C,10000000.0,0
1053,1054,CC(CCC=C(C)C)CC=O,10000000.0,0
1054,1055,CC(=CCCC(=CCCC(=CC=O)C)C)C,10000000.0,0
1055,1056,CCCCCC=CCC=CCCCCCCCC(=O)O,10000000.0,0
1056,1057,CC(C)(C=C)C=CC(C)(C)O,10000000.0,0
1057,1058,CC1(C2CCC(O1)(CC2)C)C,10000000.0,0
1058,1059,CC1CCC(C2C1CCC(=C2)C)C(=C)CO,10000000.0,0
1059,1060,CC1C2CC2(CC1=O)C(C)C,10000000.0,0
1060,1061,CC1C2CC2(CC1=O)C(C)C,10000000.0,0
1061,1062,CC(=CCCC(=CC=O)C)C,10000000.0,0
1062,1063,CC(=CCCC(=CC=O)C)C,10000000.0,0
1063,1064,CCCCCC(CCC)O,10000000.0,0
1064,1065,CC(=CCCC(=O)C)C,10000000.0,0
1065,1066,CC(CCC=C(C)C)CCOC(=O)N,10000000.0,0
1066,1067,CC(=CCCC(=CCOC(=O)C)C)C,10000000.0,0
1067,1068,CC(=O)C1=CC=CC=C1,10000000.0,0
1068,1069,CC1CCC2=C(CCC(CC12)C(=C)C)C,10000000.0,0
1069,1070,CC1(C2CCC(C2)C1=C)C,10000000.0,0
1070,1071,CC1(C2CCC1(C(=O)C2)C)C,10000000.0,0
1071,1072,CC(C)C1(C2CC(=C)CCC2C3(C1C3)C)O,10000000.0,0
1072,1073,CC(=C)C1CC(CCC1(C)C=C)C(C)(C)O,10000000.0,0
1073,1074,CC(C)C1=CC(=C(C)C)C(=O)C[C@]1(C)C=C,10000000.0,0
1074,1075,CCCCCCC=O,10000000.0,0
1075,1076,CC1(C2CC=C(C1C2)CO)C,10000000.0,0
1076,1077,CCCCCC(CC)O,10000000.0,0
1077,1078,CC1CCC23C1CC(C2(C)C)CC=C3C,10000000.0,0
1078,1079,CC1CCC2=C1CC3CCC2(C3(C)C)C,10000000.0,0
1079,1080,CC1CCC23C1CC(C2(C)C)CCC3=C,10000000.0,0
1080,1081,CC1CCC2(C(=C)C3CCC2(C1C3)C)C,10000000.0,0
1081,1082,COC1=C(C=C(C=C1)CC=C)OC,10000000.0,0
1082,1083,CC(=O)OC1=C(C=C(C=C1)CC=C)OC,10000000.0,0
1083,1084,CC1CCC(C(=CCC2C1CC2(C)C)C)O,10000000.0,0
1084,1085,CC1=CCC2(C1C2)C(C)C,10000000.0,0
1085,1086,CC(=C)CCCC(=C)C=C,10000000.0,0
1086,1087,CC(C)C12CCC(=C)C1C2,10000000.0,0
1087,1088,CC1(C2CCC1(C(C2)O)C)C,10000000.0,0
1088,1089,CC1CCC2C1C3C(C3(C)C)CCC2=C,10000000.0,0
1089,1090,CCCCCCCO,10000000.0,0
1090,1091,CCCCCC(C=C)O,10000000.0,0
1091,1092,CC1=CC2C(CC1)C(=C)CCCC2(C)C,10000000.0,0
1092,1093,CC1=CCC(C=CCC(=CCC1)C)(C)C,10000000.0,0
1093,1094,CC1=CC2C(CC1)C(=C)CCC2C(C)C,10000000.0,0
1094,1095,CC1CCC2=C(CCC3C(C12)C3(C)C)C,10000000.0,0
1095,1096,CC1=CC2C(CC1)C(=CCC2C(C)C)C,10000000.0,0
1096,1097,CC1CCC2C1C3C(C3(C)C)CCC2(C)O,10000000.0,0
1097,1098,CC1CCC2C1C3C(C3(C)C)CCC2(C)O,10000000.0,0
1098,1099,CC1CCCC2(C1=CC(CC2)C(C)(C)O)C,10000000.0,0
1099,1100,CC1CCC(C2C1(CCC(=C2)C)O)C(C)C,10000000.0,0
1100,1101,CC1(C2C1C3C(CCC3(C)O)C(=C)CC2)C,10000000.0,0
1101,1102,CC1=CCC2CC1C2(C)C,10000000.0,0
1102,1103,CC1(C2CCC(C2)C1=C)C,10000000.0,0
1103,1104,CC1(C2CCC(=C)C1C2)C,10000000.0,0
1104,1105,CC1(C2CCC1(C(=O)C2)C)C,10000000.0,0
1105,1106,CC1(C2CCC(C2)C1(C)O)C,10000000.0,0
1106,1107,CC1(C2CCC1(C(C2)O)C)C,10000000.0,0
1107,1108,CC1=CCCC(C1=C)(C)C,10000000.0,0
1108,1109,CC1CCC2C(C2(C)C)C3=C(CCC13)C,10000000.0,0
1109,1110,CC(C)C1=CC(=C(C)C)CCC1(C)C=C,10000000.0,0
1110,1111,CC1=CC2C(CC1)C(=CCC2C(C)C)C,10000000.0,0
1111,1112,CC1=CC2C(CCC(=C2CC1)C)C(C)C,10000000.0,0
1112,1113,CC1CCC2C(CCC(C2=C1)(C(C)C)O)C,10000000.0,0
1113,1114,CC1=CCC(C=CCC2(C(O2)CC1)C)(C)C,10000000.0,0
1114,1115,CC1CCC(C2C1(CCC(=C2)C)O)C(C)C,10000000.0,0
1115,1116,CC1=C2CCC(C2C3C(C3(C)C)CC1)(C)O,10000000.0,0
1116,1117,CC1CCC(CC2=C1CCC2C)C(C)(C)O,10000000.0,0
1117,1118,CC1=CCC2C(C1)C(CCC2(C)O)C(C)C,10000000.0,0
1118,1119,CC1=CCC2C(C1)C(CCC2(C)O)C(C)C,10000000.0,0
1119,1120,CC(=C1CCC2(CCCC(C2C1)(C)O)C)C,10000000.0,0
1120,1121,CC1=C(C(CCC1)(C)C)CC=C(C)CO,10000000.0,0
1121,1122,CC(=C)C1C=CCCC1(C)C=C,10000000.0,0
1122,1123,CC1(CCC2C1C=CCCC2=C)O,10000000.0,0
1123,1124,CC(=CCCC(=CCCC(=C)C=C)C)C,10000000.0,0
1124,1125,CC1=CCCC(=CC2C(C2(C)C)CC1)C,10000000.0,0
1125,1126,CC1=CCCC(=CCC(=C(C)C)CC1)C,10000000.0,0
1126,1127,CC(=CCCC(=CCCC(C)(C=C)O)C)C,10000000.0,0
1127,1128,CC(C)C1CCC2(C1CC(=C)CCC2=O)C,10000000.0,0
1128,1129,CC1=C2CC(CCC2(CCC1)C)C(C)(C)O,10000000.0,0
1129,1130,CC1CCC2C1C3C(C3(C)C)CCC24CO4,10000000.0,0
1130,1131,CC(=CCC=C(C)C=C)C,10000000.0,0
1131,1132,CCCCCCCCC=O,10000000.0,0
1132,1133,CC1=CCC(CC1)(C(C)C)O,10000000.0,0
1133,1134,CC1=CCC(CC1)C(C)(C)O,10000000.0,0
1134,1135,CC1CCC2C(C2(C)C)C3=C1CCC3C,10000000.0,0
1135,1136,CC1=C2C3C(C3(C)C)CCC2(CCC1)C,10000000.0,0
1136,1137,CC1CCC2C1C3C(C3(C)C)CCC2=C,10000000.0,0
